--
-- PostgreSQL database dump
--

-- Dumped from database version 13.1
-- Dumped by pg_dump version 13.1

SET statement_timeout = 0;
SET lock_timeout = 0;
SET idle_in_transaction_session_timeout = 0;
SET client_encoding = 'UTF8';
SET standard_conforming_strings = on;
SELECT pg_catalog.set_config('search_path', '', false);
SET check_function_bodies = false;
SET xmloption = content;
SET client_min_messages = warning;
SET row_security = off;

SET default_tablespace = '';

SET default_table_access_method = heap;

--
-- Name: Class; Type: TABLE; Schema: public; Owner: postgres
--

CREATE TABLE public."Class" (
    class_id integer NOT NULL,
    name character varying(30) NOT NULL,
    year integer NOT NULL
);


ALTER TABLE public."Class" OWNER TO postgres;

--
-- Name: Grade; Type: TABLE; Schema: public; Owner: postgres
--

CREATE TABLE public."Grade" (
    grade_id integer NOT NULL,
    student_id integer NOT NULL,
    subject_id integer NOT NULL,
    value double precision NOT NULL
);


ALTER TABLE public."Grade" OWNER TO postgres;

--
-- Name: Parent; Type: TABLE; Schema: public; Owner: postgres
--

CREATE TABLE public."Parent" (
    parent_id integer NOT NULL,
    student_id integer NOT NULL,
    login character varying(250) NOT NULL,
    password character varying(250) NOT NULL,
    first_name character varying(30) NOT NULL,
    surname character varying(30) NOT NULL
);


ALTER TABLE public."Parent" OWNER TO postgres;

--
-- Name: Student; Type: TABLE; Schema: public; Owner: postgres
--

CREATE TABLE public."Student" (
    student_id integer NOT NULL,
    surname character varying(30) NOT NULL,
    first_name character varying(30) NOT NULL,
    mail character varying(80) NOT NULL,
    login character varying(250) NOT NULL,
    password character varying(250) NOT NULL,
    birth_date date NOT NULL,
    class_id integer NOT NULL
);


ALTER TABLE public."Student" OWNER TO postgres;

--
-- Name: Subject; Type: TABLE; Schema: public; Owner: postgres
--

CREATE TABLE public."Subject" (
    subject_id integer NOT NULL,
    class_id integer NOT NULL,
    teacher_id integer NOT NULL,
    name character varying(30) NOT NULL
);


ALTER TABLE public."Subject" OWNER TO postgres;

--
-- Name: Teacher; Type: TABLE; Schema: public; Owner: postgres
--

CREATE TABLE public."Teacher" (
    teacher_id integer NOT NULL,
    first_name character varying(30) NOT NULL,
    surname character varying(30) NOT NULL,
    mail character varying(80) NOT NULL,
    login character varying(250) NOT NULL,
    password character varying(250) NOT NULL,
    birth_date date NOT NULL
);


ALTER TABLE public."Teacher" OWNER TO postgres;

--
-- Name: alembic_version; Type: TABLE; Schema: public; Owner: postgres
--

CREATE TABLE public.alembic_version (
    version_num character varying(32) NOT NULL
);


ALTER TABLE public.alembic_version OWNER TO postgres;

--
-- Data for Name: Class; Type: TABLE DATA; Schema: public; Owner: postgres
--

COPY public."Class" (class_id, name, year) FROM stdin;
1	Klasa 1a	2013
2	Klasa 1b	2013
3	Klasa 2	2012
4	Klasa 3a	2011
5	Klasa 3b	2011
6	Klasa 4	2010
7	Klasa 5	2009
8	Klasa 6a	2008
9	Klasa 6b	2008
10	Klasa 6c	2008
11	Klasa 7	2007
12	Klasa 8	2006
\.


--
-- Data for Name: Grade; Type: TABLE DATA; Schema: public; Owner: postgres
--

COPY public."Grade" (grade_id, student_id, subject_id, value) FROM stdin;
1	10001	1	6
2	10001	1	2
3	10002	1	4
4	10002	1	4
5	10003	1	5
6	10003	1	3
7	10004	1	1
8	10004	1	6
9	10005	1	4
10	10005	1	6
11	10006	1	5
12	10006	1	1
13	10007	1	1
14	10007	1	1
15	10008	1	1
16	10008	1	1
17	10009	1	6
18	10009	1	4
19	10010	1	1
20	10010	1	2
21	10011	1	1
22	10011	1	6
23	10012	1	4
24	10012	1	5
25	10013	1	1
26	10013	1	4
27	10014	1	6
28	10014	1	4
29	10015	1	1
30	10015	1	5
31	10016	1	1
32	10016	1	4
33	10017	1	6
34	10017	1	6
35	10018	1	1
36	10018	1	3
37	10019	1	5
38	10019	1	2
39	10020	1	4
40	10020	1	6
41	10021	1	6
42	10021	1	5
43	10022	1	6
44	10022	1	4
45	10023	1	4
46	10023	1	3
47	10024	10	3
48	10024	10	3
49	10025	10	1
50	10025	10	4
51	10026	10	1
52	10026	10	4
53	10027	10	4
54	10027	10	1
55	10028	10	6
56	10028	10	5
57	10029	10	6
58	10029	10	6
59	10030	10	4
60	10030	10	5
61	10031	10	4
62	10031	10	4
63	10032	10	6
64	10032	10	2
65	10033	10	4
66	10033	10	1
67	10034	10	5
68	10034	10	5
69	10035	10	3
70	10035	10	5
71	10036	10	4
72	10036	10	3
73	10037	10	1
74	10037	10	1
75	10038	10	5
76	10038	10	5
77	10039	10	6
78	10039	10	3
79	10040	10	4
80	10040	10	4
81	10041	10	5
82	10041	10	3
83	10042	10	5
84	10042	10	3
85	10043	10	5
86	10043	10	4
87	10044	10	2
88	10044	10	4
89	10045	10	3
90	10045	10	1
91	10046	19	2
92	10046	19	5
93	10047	19	1
94	10047	19	2
95	10048	19	4
96	10048	19	2
97	10049	19	2
98	10049	19	6
99	10050	19	5
100	10050	19	4
101	10051	19	1
102	10051	19	2
103	10052	19	3
104	10052	19	5
105	10053	19	1
106	10053	19	5
107	10054	19	2
108	10054	19	2
109	10055	19	6
110	10055	19	1
111	10056	19	4
112	10056	19	1
113	10057	19	2
114	10057	19	5
115	10058	19	1
116	10058	19	1
117	10059	19	5
118	10059	19	1
119	10060	19	3
120	10060	19	3
121	10061	19	6
122	10061	19	2
123	10062	19	3
124	10062	19	3
125	10063	19	6
126	10063	19	1
127	10064	19	2
128	10064	19	6
129	10065	19	6
130	10065	19	4
131	10066	19	6
132	10066	19	6
133	10067	19	4
134	10067	19	5
135	10068	28	5
136	10068	28	1
137	10069	28	3
138	10069	28	1
139	10070	28	5
140	10070	28	3
141	10071	28	3
142	10071	28	1
143	10072	28	3
144	10072	28	2
145	10073	28	1
146	10073	28	2
147	10074	28	4
148	10074	28	5
149	10075	28	3
150	10075	28	6
151	10076	28	6
152	10076	28	2
153	10077	28	2
154	10077	28	4
155	10078	28	6
156	10078	28	3
157	10079	28	1
158	10079	28	5
159	10080	28	6
160	10080	28	4
161	10081	28	4
162	10081	28	2
163	10082	28	1
164	10082	28	4
165	10083	28	3
166	10083	28	6
167	10084	28	6
168	10084	28	5
169	10085	28	5
170	10085	28	6
171	10086	28	6
172	10086	28	5
173	10087	28	1
174	10087	28	6
175	10088	28	4
176	10088	28	3
177	10089	28	6
178	10089	28	4
179	10090	28	6
180	10090	28	1
181	10091	37	5
182	10091	37	4
183	10092	37	2
184	10092	37	3
185	10093	37	3
186	10093	37	2
187	10094	37	6
188	10094	37	4
189	10095	37	6
190	10095	37	3
191	10096	37	2
192	10096	37	1
193	10097	37	1
194	10097	37	5
195	10098	37	4
196	10098	37	3
197	10099	37	4
198	10099	37	5
199	10100	37	4
200	10100	37	5
201	10101	37	2
202	10101	37	3
203	10102	37	4
204	10102	37	2
205	10103	37	1
206	10103	37	4
207	10104	37	3
208	10104	37	6
209	10105	37	4
210	10105	37	2
211	10106	37	6
212	10106	37	3
213	10107	37	6
214	10107	37	4
215	10108	37	5
216	10108	37	2
217	10109	37	2
218	10109	37	6
219	10110	37	5
220	10110	37	3
221	10111	37	3
222	10111	37	4
223	10112	37	3
224	10112	37	1
225	10113	37	4
226	10113	37	3
227	10114	37	4
228	10114	37	2
229	10115	46	4
230	10115	46	3
231	10116	46	4
232	10116	46	5
233	10117	46	3
234	10117	46	1
235	10118	46	2
236	10118	46	3
237	10119	46	4
238	10119	46	4
239	10120	46	3
240	10120	46	3
241	10121	46	5
242	10121	46	2
243	10122	46	1
244	10122	46	2
245	10123	46	6
246	10123	46	4
247	10124	46	5
248	10124	46	2
249	10125	46	3
250	10125	46	2
251	10126	46	2
252	10126	46	3
253	10127	46	5
254	10127	46	6
255	10128	46	3
256	10128	46	2
257	10129	46	2
258	10129	46	2
259	10130	46	4
260	10130	46	6
261	10131	46	1
262	10131	46	5
263	10132	55	1
264	10132	55	6
265	10133	55	4
266	10133	55	1
267	10134	55	1
268	10134	55	2
269	10135	55	2
270	10135	55	2
271	10136	55	2
272	10136	55	5
273	10137	55	2
274	10137	55	3
275	10138	55	5
276	10138	55	2
277	10139	55	4
278	10139	55	4
279	10140	55	2
280	10140	55	4
281	10141	55	3
282	10141	55	4
283	10142	55	6
284	10142	55	1
285	10143	55	4
286	10143	55	2
287	10144	55	5
288	10144	55	4
289	10145	55	4
290	10145	55	3
291	10146	55	3
292	10146	55	6
293	10147	55	6
294	10147	55	4
295	10148	55	5
296	10148	55	2
297	10149	55	3
298	10149	55	6
299	10150	55	5
300	10150	55	2
301	10151	55	4
302	10151	55	5
303	10152	55	6
304	10152	55	6
305	10153	55	1
306	10153	55	6
307	10154	55	4
308	10154	55	2
309	10155	55	1
310	10155	55	6
311	10156	55	2
312	10156	55	6
313	10157	64	1
314	10157	64	3
315	10158	64	5
316	10158	64	5
317	10159	64	6
318	10159	64	3
319	10160	64	6
320	10160	64	5
321	10161	64	1
322	10161	64	2
323	10162	64	5
324	10162	64	6
325	10163	64	6
326	10163	64	3
327	10164	64	4
328	10164	64	6
329	10165	64	2
330	10165	64	6
331	10166	64	5
332	10166	64	1
333	10167	64	3
334	10167	64	5
335	10168	64	6
336	10168	64	4
337	10169	64	1
338	10169	64	4
339	10170	64	3
340	10170	64	4
341	10171	64	5
342	10171	64	5
343	10172	64	5
344	10172	64	4
345	10173	64	5
346	10173	64	6
347	10174	64	6
348	10174	64	1
349	10175	64	4
350	10175	64	1
351	10176	64	5
352	10176	64	6
353	10177	64	3
354	10177	64	4
355	10178	64	6
356	10178	64	3
357	10179	73	1
358	10179	73	6
359	10180	73	1
360	10180	73	2
361	10181	73	3
362	10181	73	6
363	10182	73	4
364	10182	73	6
365	10183	73	1
366	10183	73	2
367	10184	73	1
368	10184	73	6
369	10185	73	2
370	10185	73	1
371	10186	73	1
372	10186	73	3
373	10187	73	4
374	10187	73	4
375	10188	73	3
376	10188	73	4
377	10189	73	4
378	10189	73	5
379	10190	73	2
380	10190	73	3
381	10191	73	2
382	10191	73	4
383	10192	73	1
384	10192	73	2
385	10193	73	4
386	10193	73	2
387	10194	73	5
388	10194	73	3
389	10195	73	5
390	10195	73	4
391	10196	73	1
392	10196	73	2
393	10197	73	2
394	10197	73	6
395	10198	73	4
396	10198	73	4
397	10199	73	4
398	10199	73	4
399	10200	82	6
400	10200	82	5
401	10201	82	3
402	10201	82	5
403	10202	82	3
404	10202	82	2
405	10203	82	5
406	10203	82	1
407	10204	82	2
408	10204	82	2
409	10205	82	1
410	10205	82	2
411	10206	82	6
412	10206	82	1
413	10207	82	2
414	10207	82	5
415	10208	82	5
416	10208	82	5
417	10209	82	5
418	10209	82	1
419	10210	82	4
420	10210	82	2
421	10211	82	1
422	10211	82	6
423	10212	82	2
424	10212	82	5
425	10213	82	4
426	10213	82	4
427	10214	82	5
428	10214	82	5
429	10215	82	4
430	10215	82	5
431	10216	82	6
432	10216	82	4
433	10217	82	6
434	10217	82	3
435	10218	82	6
436	10218	82	2
437	10219	82	5
438	10219	82	3
439	10220	82	3
440	10220	82	2
441	10221	82	3
442	10221	82	6
443	10222	82	4
444	10222	82	1
445	10223	82	1
446	10223	82	5
447	10224	91	1
448	10224	91	3
449	10225	91	4
450	10225	91	6
451	10226	91	6
452	10226	91	5
453	10227	91	3
454	10227	91	3
455	10228	91	2
456	10228	91	3
457	10229	91	2
458	10229	91	3
459	10230	91	6
460	10230	91	6
461	10231	91	3
462	10231	91	1
463	10232	91	6
464	10232	91	2
465	10233	91	4
466	10233	91	2
467	10234	91	5
468	10234	91	2
469	10235	91	6
470	10235	91	2
471	10236	91	1
472	10236	91	6
473	10237	91	1
474	10237	91	4
475	10238	91	2
476	10238	91	1
477	10239	91	6
478	10239	91	6
479	10240	91	6
480	10240	91	4
481	10241	91	4
482	10241	91	1
483	10242	91	2
484	10242	91	2
485	10243	91	4
486	10243	91	6
487	10244	91	4
488	10244	91	2
489	10245	91	3
490	10245	91	6
491	10246	91	4
492	10246	91	6
493	10247	100	6
494	10247	100	4
495	10248	100	4
496	10248	100	6
497	10249	100	6
498	10249	100	4
499	10250	100	5
500	10250	100	1
501	10251	100	5
502	10251	100	5
503	10252	100	2
504	10252	100	6
505	10253	100	3
506	10253	100	2
507	10254	100	1
508	10254	100	3
509	10255	100	1
510	10255	100	1
511	10256	100	6
512	10256	100	3
513	10257	100	2
514	10257	100	5
515	10258	100	6
516	10258	100	6
517	10259	100	1
518	10259	100	5
519	10260	100	4
520	10260	100	6
521	10261	100	1
522	10261	100	6
523	10262	100	5
524	10262	100	4
525	10263	100	2
526	10263	100	3
527	10264	100	5
528	10264	100	1
529	10265	100	6
530	10265	100	4
531	10266	100	4
532	10266	100	2
533	10267	100	2
534	10267	100	6
535	10001	2	6
536	10001	2	6
537	10002	2	1
538	10002	2	6
539	10003	2	6
540	10003	2	1
541	10004	2	1
542	10004	2	2
543	10005	2	3
544	10005	2	1
545	10006	2	5
546	10006	2	1
547	10007	2	2
548	10007	2	2
549	10008	2	4
550	10008	2	4
551	10009	2	5
552	10009	2	5
553	10010	2	5
554	10010	2	1
555	10011	2	6
556	10011	2	3
557	10012	2	6
558	10012	2	2
559	10013	2	4
560	10013	2	3
561	10014	2	5
562	10014	2	3
563	10015	2	1
564	10015	2	6
565	10016	2	6
566	10016	2	3
567	10017	2	5
568	10017	2	1
569	10018	2	5
570	10018	2	5
571	10019	2	3
572	10019	2	5
573	10020	2	6
574	10020	2	6
575	10021	2	1
576	10021	2	2
577	10022	2	2
578	10022	2	2
579	10023	2	6
580	10023	2	1
581	10024	11	6
582	10024	11	2
583	10025	11	6
584	10025	11	3
585	10026	11	3
586	10026	11	3
587	10027	11	5
588	10027	11	1
589	10028	11	2
590	10028	11	5
591	10029	11	6
592	10029	11	1
593	10030	11	5
594	10030	11	5
595	10031	11	1
596	10031	11	4
597	10032	11	1
598	10032	11	3
599	10033	11	5
600	10033	11	4
601	10034	11	4
602	10034	11	1
603	10035	11	2
604	10035	11	1
605	10036	11	6
606	10036	11	2
607	10037	11	2
608	10037	11	6
609	10038	11	2
610	10038	11	6
611	10039	11	3
612	10039	11	6
613	10040	11	5
614	10040	11	5
615	10041	11	5
616	10041	11	5
617	10042	11	5
618	10042	11	4
619	10043	11	4
620	10043	11	3
621	10044	11	3
622	10044	11	3
623	10045	11	5
624	10045	11	5
625	10046	20	6
626	10046	20	5
627	10047	20	6
628	10047	20	1
629	10048	20	3
630	10048	20	3
631	10049	20	2
632	10049	20	1
633	10050	20	4
634	10050	20	3
635	10051	20	3
636	10051	20	2
637	10052	20	1
638	10052	20	4
639	10053	20	1
640	10053	20	3
641	10054	20	1
642	10054	20	2
643	10055	20	1
644	10055	20	4
645	10056	20	1
646	10056	20	6
647	10057	20	5
648	10057	20	2
649	10058	20	4
650	10058	20	6
651	10059	20	6
652	10059	20	6
653	10060	20	6
654	10060	20	6
655	10061	20	4
656	10061	20	3
657	10062	20	4
658	10062	20	4
659	10063	20	2
660	10063	20	5
661	10064	20	1
662	10064	20	3
663	10065	20	4
664	10065	20	4
665	10066	20	6
666	10066	20	3
667	10067	20	2
668	10067	20	3
669	10068	29	5
670	10068	29	1
671	10069	29	2
672	10069	29	3
673	10070	29	1
674	10070	29	4
675	10071	29	5
676	10071	29	3
677	10072	29	4
678	10072	29	5
679	10073	29	2
680	10073	29	6
681	10074	29	3
682	10074	29	6
683	10075	29	2
684	10075	29	4
685	10076	29	3
686	10076	29	6
687	10077	29	6
688	10077	29	2
689	10078	29	3
690	10078	29	5
691	10079	29	1
692	10079	29	1
693	10080	29	3
694	10080	29	3
695	10081	29	6
696	10081	29	2
697	10082	29	2
698	10082	29	4
699	10083	29	5
700	10083	29	6
701	10084	29	5
702	10084	29	3
703	10085	29	1
704	10085	29	3
705	10086	29	1
706	10086	29	1
707	10087	29	6
708	10087	29	6
709	10088	29	3
710	10088	29	4
711	10089	29	2
712	10089	29	4
713	10090	29	4
714	10090	29	2
715	10091	38	2
716	10091	38	6
717	10092	38	1
718	10092	38	2
719	10093	38	1
720	10093	38	5
721	10094	38	4
722	10094	38	1
723	10095	38	3
724	10095	38	5
725	10096	38	4
726	10096	38	1
727	10097	38	3
728	10097	38	3
729	10098	38	5
730	10098	38	6
731	10099	38	1
732	10099	38	6
733	10100	38	5
734	10100	38	6
735	10101	38	5
736	10101	38	1
737	10102	38	1
738	10102	38	1
739	10103	38	1
740	10103	38	1
741	10104	38	5
742	10104	38	1
743	10105	38	1
744	10105	38	3
745	10106	38	5
746	10106	38	3
747	10107	38	2
748	10107	38	2
749	10108	38	3
750	10108	38	4
751	10109	38	1
752	10109	38	5
753	10110	38	2
754	10110	38	6
755	10111	38	4
756	10111	38	3
757	10112	38	4
758	10112	38	6
759	10113	38	3
760	10113	38	2
761	10114	38	3
762	10114	38	3
763	10115	47	6
764	10115	47	6
765	10116	47	1
766	10116	47	4
767	10117	47	2
768	10117	47	3
769	10118	47	5
770	10118	47	2
771	10119	47	6
772	10119	47	6
773	10120	47	1
774	10120	47	6
775	10121	47	2
776	10121	47	2
777	10122	47	6
778	10122	47	2
779	10123	47	3
780	10123	47	3
781	10124	47	5
782	10124	47	5
783	10125	47	6
784	10125	47	4
785	10126	47	5
786	10126	47	4
787	10127	47	5
788	10127	47	4
789	10128	47	1
790	10128	47	4
791	10129	47	4
792	10129	47	5
793	10130	47	3
794	10130	47	2
795	10131	47	4
796	10131	47	6
797	10132	56	6
798	10132	56	4
799	10133	56	6
800	10133	56	6
801	10134	56	5
802	10134	56	6
803	10135	56	4
804	10135	56	3
805	10136	56	4
806	10136	56	3
807	10137	56	3
808	10137	56	4
809	10138	56	6
810	10138	56	5
811	10139	56	4
812	10139	56	1
813	10140	56	3
814	10140	56	6
815	10141	56	4
816	10141	56	1
817	10142	56	3
818	10142	56	4
819	10143	56	4
820	10143	56	5
821	10144	56	1
822	10144	56	4
823	10145	56	4
824	10145	56	2
825	10146	56	3
826	10146	56	6
827	10147	56	6
828	10147	56	2
829	10148	56	3
830	10148	56	5
831	10149	56	5
832	10149	56	4
833	10150	56	6
834	10150	56	4
835	10151	56	1
836	10151	56	2
837	10152	56	1
838	10152	56	2
839	10153	56	5
840	10153	56	3
841	10154	56	2
842	10154	56	1
843	10155	56	3
844	10155	56	1
845	10156	56	4
846	10156	56	6
847	10157	65	1
848	10157	65	2
849	10158	65	6
850	10158	65	5
851	10159	65	6
852	10159	65	5
853	10160	65	2
854	10160	65	5
855	10161	65	1
856	10161	65	2
857	10162	65	5
858	10162	65	2
859	10163	65	5
860	10163	65	5
861	10164	65	6
862	10164	65	1
863	10165	65	5
864	10165	65	2
865	10166	65	6
866	10166	65	2
867	10167	65	2
868	10167	65	5
869	10168	65	2
870	10168	65	3
871	10169	65	2
872	10169	65	3
873	10170	65	3
874	10170	65	3
875	10171	65	2
876	10171	65	1
877	10172	65	6
878	10172	65	6
879	10173	65	6
880	10173	65	5
881	10174	65	6
882	10174	65	5
883	10175	65	2
884	10175	65	4
885	10176	65	4
886	10176	65	5
887	10177	65	5
888	10177	65	6
889	10178	65	3
890	10178	65	3
891	10179	74	2
892	10179	74	1
893	10180	74	4
894	10180	74	2
895	10181	74	2
896	10181	74	2
897	10182	74	2
898	10182	74	5
899	10183	74	6
900	10183	74	1
901	10184	74	4
902	10184	74	6
903	10185	74	2
904	10185	74	5
905	10186	74	3
906	10186	74	6
907	10187	74	6
908	10187	74	3
909	10188	74	5
910	10188	74	1
911	10189	74	4
912	10189	74	2
913	10190	74	3
914	10190	74	3
915	10191	74	1
916	10191	74	1
917	10192	74	6
918	10192	74	4
919	10193	74	5
920	10193	74	6
921	10194	74	5
922	10194	74	6
923	10195	74	3
924	10195	74	1
925	10196	74	3
926	10196	74	4
927	10197	74	2
928	10197	74	3
929	10198	74	6
930	10198	74	2
931	10199	74	2
932	10199	74	5
933	10200	83	6
934	10200	83	3
935	10201	83	2
936	10201	83	3
937	10202	83	2
938	10202	83	2
939	10203	83	2
940	10203	83	6
941	10204	83	3
942	10204	83	2
943	10205	83	4
944	10205	83	3
945	10206	83	2
946	10206	83	5
947	10207	83	4
948	10207	83	4
949	10208	83	6
950	10208	83	4
951	10209	83	4
952	10209	83	1
953	10210	83	2
954	10210	83	5
955	10211	83	3
956	10211	83	2
957	10212	83	2
958	10212	83	4
959	10213	83	3
960	10213	83	4
961	10214	83	5
962	10214	83	4
963	10215	83	2
964	10215	83	4
965	10216	83	1
966	10216	83	6
967	10217	83	6
968	10217	83	3
969	10218	83	4
970	10218	83	4
971	10219	83	4
972	10219	83	2
973	10220	83	6
974	10220	83	5
975	10221	83	3
976	10221	83	3
977	10222	83	6
978	10222	83	1
979	10223	83	5
980	10223	83	1
981	10224	92	2
982	10224	92	2
983	10225	92	6
984	10225	92	2
985	10226	92	3
986	10226	92	4
987	10227	92	6
988	10227	92	2
989	10228	92	2
990	10228	92	3
991	10229	92	6
992	10229	92	4
993	10230	92	6
994	10230	92	1
995	10231	92	2
996	10231	92	1
997	10232	92	2
998	10232	92	4
999	10233	92	3
1000	10233	92	4
1001	10234	92	2
1002	10234	92	6
1003	10235	92	2
1004	10235	92	3
1005	10236	92	3
1006	10236	92	1
1007	10237	92	5
1008	10237	92	2
1009	10238	92	2
1010	10238	92	3
1011	10239	92	4
1012	10239	92	6
1013	10240	92	3
1014	10240	92	1
1015	10241	92	3
1016	10241	92	2
1017	10242	92	1
1018	10242	92	1
1019	10243	92	5
1020	10243	92	5
1021	10244	92	5
1022	10244	92	6
1023	10245	92	6
1024	10245	92	3
1025	10246	92	4
1026	10246	92	1
1027	10247	101	1
1028	10247	101	5
1029	10248	101	1
1030	10248	101	2
1031	10249	101	5
1032	10249	101	2
1033	10250	101	4
1034	10250	101	3
1035	10251	101	4
1036	10251	101	1
1037	10252	101	4
1038	10252	101	4
1039	10253	101	2
1040	10253	101	1
1041	10254	101	3
1042	10254	101	5
1043	10255	101	1
1044	10255	101	4
1045	10256	101	1
1046	10256	101	6
1047	10257	101	2
1048	10257	101	3
1049	10258	101	5
1050	10258	101	3
1051	10259	101	4
1052	10259	101	1
1053	10260	101	3
1054	10260	101	1
1055	10261	101	3
1056	10261	101	6
1057	10262	101	1
1058	10262	101	2
1059	10263	101	6
1060	10263	101	6
1061	10264	101	1
1062	10264	101	6
1063	10265	101	3
1064	10265	101	2
1065	10266	101	1
1066	10266	101	4
1067	10267	101	6
1068	10267	101	5
1069	10001	3	1
1070	10001	3	5
1071	10002	3	5
1072	10002	3	2
1073	10003	3	1
1074	10003	3	1
1075	10004	3	1
1076	10004	3	2
1077	10005	3	3
1078	10005	3	6
1079	10006	3	6
1080	10006	3	3
1081	10007	3	2
1082	10007	3	1
1083	10008	3	5
1084	10008	3	6
1085	10009	3	4
1086	10009	3	3
1087	10010	3	3
1088	10010	3	3
1089	10011	3	6
1090	10011	3	2
1091	10012	3	5
1092	10012	3	1
1093	10013	3	2
1094	10013	3	6
1095	10014	3	4
1096	10014	3	3
1097	10015	3	3
1098	10015	3	5
1099	10016	3	3
1100	10016	3	3
1101	10017	3	5
1102	10017	3	4
1103	10018	3	4
1104	10018	3	2
1105	10019	3	3
1106	10019	3	4
1107	10020	3	4
1108	10020	3	4
1109	10021	3	3
1110	10021	3	1
1111	10022	3	4
1112	10022	3	2
1113	10023	3	4
1114	10023	3	5
1115	10024	12	3
1116	10024	12	6
1117	10025	12	4
1118	10025	12	6
1119	10026	12	2
1120	10026	12	1
1121	10027	12	1
1122	10027	12	3
1123	10028	12	6
1124	10028	12	6
1125	10029	12	2
1126	10029	12	4
1127	10030	12	5
1128	10030	12	5
1129	10031	12	5
1130	10031	12	5
1131	10032	12	2
1132	10032	12	2
1133	10033	12	6
1134	10033	12	3
1135	10034	12	6
1136	10034	12	3
1137	10035	12	1
1138	10035	12	2
1139	10036	12	6
1140	10036	12	6
1141	10037	12	2
1142	10037	12	2
1143	10038	12	2
1144	10038	12	3
1145	10039	12	5
1146	10039	12	5
1147	10040	12	6
1148	10040	12	6
1149	10041	12	1
1150	10041	12	2
1151	10042	12	3
1152	10042	12	1
1153	10043	12	1
1154	10043	12	3
1155	10044	12	4
1156	10044	12	6
1157	10045	12	6
1158	10045	12	3
1159	10046	21	6
1160	10046	21	4
1161	10047	21	3
1162	10047	21	3
1163	10048	21	3
1164	10048	21	4
1165	10049	21	5
1166	10049	21	1
1167	10050	21	3
1168	10050	21	3
1169	10051	21	2
1170	10051	21	1
1171	10052	21	6
1172	10052	21	5
1173	10053	21	4
1174	10053	21	4
1175	10054	21	1
1176	10054	21	6
1177	10055	21	4
1178	10055	21	2
1179	10056	21	3
1180	10056	21	3
1181	10057	21	5
1182	10057	21	4
1183	10058	21	2
1184	10058	21	4
1185	10059	21	3
1186	10059	21	5
1187	10060	21	3
1188	10060	21	3
1189	10061	21	6
1190	10061	21	4
1191	10062	21	6
1192	10062	21	3
1193	10063	21	6
1194	10063	21	2
1195	10064	21	1
1196	10064	21	3
1197	10065	21	5
1198	10065	21	2
1199	10066	21	3
1200	10066	21	5
1201	10067	21	3
1202	10067	21	2
1203	10068	30	3
1204	10068	30	5
1205	10069	30	4
1206	10069	30	6
1207	10070	30	4
1208	10070	30	4
1209	10071	30	2
1210	10071	30	4
1211	10072	30	2
1212	10072	30	4
1213	10073	30	1
1214	10073	30	2
1215	10074	30	2
1216	10074	30	6
1217	10075	30	1
1218	10075	30	4
1219	10076	30	3
1220	10076	30	6
1221	10077	30	1
1222	10077	30	6
1223	10078	30	1
1224	10078	30	2
1225	10079	30	5
1226	10079	30	3
1227	10080	30	1
1228	10080	30	5
1229	10081	30	2
1230	10081	30	5
1231	10082	30	5
1232	10082	30	3
1233	10083	30	6
1234	10083	30	3
1235	10084	30	6
1236	10084	30	1
1237	10085	30	1
1238	10085	30	2
1239	10086	30	4
1240	10086	30	4
1241	10087	30	5
1242	10087	30	5
1243	10088	30	6
1244	10088	30	1
1245	10089	30	3
1246	10089	30	2
1247	10090	30	4
1248	10090	30	6
1249	10091	39	2
1250	10091	39	3
1251	10092	39	6
1252	10092	39	1
1253	10093	39	2
1254	10093	39	5
1255	10094	39	4
1256	10094	39	2
1257	10095	39	4
1258	10095	39	6
1259	10096	39	3
1260	10096	39	5
1261	10097	39	6
1262	10097	39	4
1263	10098	39	4
1264	10098	39	1
1265	10099	39	6
1266	10099	39	3
1267	10100	39	5
1268	10100	39	2
1269	10101	39	6
1270	10101	39	5
1271	10102	39	5
1272	10102	39	4
1273	10103	39	3
1274	10103	39	1
1275	10104	39	2
1276	10104	39	4
1277	10105	39	4
1278	10105	39	2
1279	10106	39	4
1280	10106	39	6
1281	10107	39	5
1282	10107	39	1
1283	10108	39	4
1284	10108	39	4
1285	10109	39	6
1286	10109	39	5
1287	10110	39	5
1288	10110	39	6
1289	10111	39	4
1290	10111	39	3
1291	10112	39	2
1292	10112	39	4
1293	10113	39	3
1294	10113	39	3
1295	10114	39	3
1296	10114	39	5
1297	10115	48	5
1298	10115	48	5
1299	10116	48	6
1300	10116	48	1
1301	10117	48	1
1302	10117	48	6
1303	10118	48	5
1304	10118	48	5
1305	10119	48	6
1306	10119	48	4
1307	10120	48	2
1308	10120	48	2
1309	10121	48	3
1310	10121	48	6
1311	10122	48	5
1312	10122	48	5
1313	10123	48	1
1314	10123	48	1
1315	10124	48	3
1316	10124	48	3
1317	10125	48	2
1318	10125	48	4
1319	10126	48	4
1320	10126	48	1
1321	10127	48	4
1322	10127	48	2
1323	10128	48	6
1324	10128	48	1
1325	10129	48	2
1326	10129	48	6
1327	10130	48	1
1328	10130	48	2
1329	10131	48	2
1330	10131	48	2
1331	10132	57	4
1332	10132	57	5
1333	10133	57	1
1334	10133	57	4
1335	10134	57	4
1336	10134	57	3
1337	10135	57	3
1338	10135	57	2
1339	10136	57	3
1340	10136	57	2
1341	10137	57	4
1342	10137	57	3
1343	10138	57	5
1344	10138	57	2
1345	10139	57	2
1346	10139	57	4
1347	10140	57	2
1348	10140	57	5
1349	10141	57	3
1350	10141	57	3
1351	10142	57	3
1352	10142	57	2
1353	10143	57	2
1354	10143	57	1
1355	10144	57	2
1356	10144	57	5
1357	10145	57	6
1358	10145	57	6
1359	10146	57	5
1360	10146	57	6
1361	10147	57	4
1362	10147	57	1
1363	10148	57	3
1364	10148	57	6
1365	10149	57	4
1366	10149	57	1
1367	10150	57	5
1368	10150	57	5
1369	10151	57	5
1370	10151	57	1
1371	10152	57	3
1372	10152	57	3
1373	10153	57	6
1374	10153	57	1
1375	10154	57	4
1376	10154	57	5
1377	10155	57	6
1378	10155	57	5
1379	10156	57	4
1380	10156	57	5
1381	10157	66	3
1382	10157	66	2
1383	10158	66	4
1384	10158	66	3
1385	10159	66	2
1386	10159	66	3
1387	10160	66	1
1388	10160	66	6
1389	10161	66	2
1390	10161	66	3
1391	10162	66	2
1392	10162	66	4
1393	10163	66	6
1394	10163	66	5
1395	10164	66	1
1396	10164	66	4
1397	10165	66	4
1398	10165	66	1
1399	10166	66	5
1400	10166	66	1
1401	10167	66	1
1402	10167	66	6
1403	10168	66	6
1404	10168	66	2
1405	10169	66	6
1406	10169	66	6
1407	10170	66	6
1408	10170	66	6
1409	10171	66	2
1410	10171	66	2
1411	10172	66	3
1412	10172	66	3
1413	10173	66	1
1414	10173	66	1
1415	10174	66	6
1416	10174	66	5
1417	10175	66	2
1418	10175	66	1
1419	10176	66	4
1420	10176	66	2
1421	10177	66	5
1422	10177	66	2
1423	10178	66	3
1424	10178	66	1
1425	10179	75	4
1426	10179	75	3
1427	10180	75	4
1428	10180	75	2
1429	10181	75	4
1430	10181	75	5
1431	10182	75	1
1432	10182	75	1
1433	10183	75	1
1434	10183	75	5
1435	10184	75	3
1436	10184	75	3
1437	10185	75	1
1438	10185	75	3
1439	10186	75	5
1440	10186	75	1
1441	10187	75	1
1442	10187	75	2
1443	10188	75	2
1444	10188	75	3
1445	10189	75	2
1446	10189	75	4
1447	10190	75	6
1448	10190	75	3
1449	10191	75	6
1450	10191	75	5
1451	10192	75	1
1452	10192	75	4
1453	10193	75	1
1454	10193	75	3
1455	10194	75	2
1456	10194	75	3
1457	10195	75	2
1458	10195	75	2
1459	10196	75	2
1460	10196	75	5
1461	10197	75	2
1462	10197	75	3
1463	10198	75	4
1464	10198	75	3
1465	10199	75	1
1466	10199	75	1
1467	10200	84	2
1468	10200	84	1
1469	10201	84	2
1470	10201	84	3
1471	10202	84	3
1472	10202	84	6
1473	10203	84	5
1474	10203	84	5
1475	10204	84	4
1476	10204	84	2
1477	10205	84	1
1478	10205	84	1
1479	10206	84	4
1480	10206	84	5
1481	10207	84	2
1482	10207	84	4
1483	10208	84	1
1484	10208	84	6
1485	10209	84	6
1486	10209	84	2
1487	10210	84	3
1488	10210	84	4
1489	10211	84	1
1490	10211	84	5
1491	10212	84	3
1492	10212	84	2
1493	10213	84	3
1494	10213	84	5
1495	10214	84	4
1496	10214	84	1
1497	10215	84	2
1498	10215	84	4
1499	10216	84	4
1500	10216	84	5
1501	10217	84	1
1502	10217	84	4
1503	10218	84	4
1504	10218	84	4
1505	10219	84	2
1506	10219	84	3
1507	10220	84	1
1508	10220	84	5
1509	10221	84	1
1510	10221	84	4
1511	10222	84	3
1512	10222	84	3
1513	10223	84	5
1514	10223	84	6
1515	10224	93	2
1516	10224	93	5
1517	10225	93	6
1518	10225	93	3
1519	10226	93	6
1520	10226	93	6
1521	10227	93	4
1522	10227	93	4
1523	10228	93	1
1524	10228	93	3
1525	10229	93	4
1526	10229	93	1
1527	10230	93	2
1528	10230	93	1
1529	10231	93	3
1530	10231	93	4
1531	10232	93	1
1532	10232	93	1
1533	10233	93	4
1534	10233	93	4
1535	10234	93	5
1536	10234	93	1
1537	10235	93	3
1538	10235	93	3
1539	10236	93	3
1540	10236	93	4
1541	10237	93	4
1542	10237	93	3
1543	10238	93	6
1544	10238	93	4
1545	10239	93	6
1546	10239	93	3
1547	10240	93	4
1548	10240	93	4
1549	10241	93	4
1550	10241	93	6
1551	10242	93	5
1552	10242	93	5
1553	10243	93	3
1554	10243	93	6
1555	10244	93	1
1556	10244	93	4
1557	10245	93	3
1558	10245	93	2
1559	10246	93	2
1560	10246	93	3
1561	10247	102	5
1562	10247	102	3
1563	10248	102	3
1564	10248	102	2
1565	10249	102	4
1566	10249	102	1
1567	10250	102	5
1568	10250	102	5
1569	10251	102	2
1570	10251	102	5
1571	10252	102	5
1572	10252	102	6
1573	10253	102	6
1574	10253	102	2
1575	10254	102	3
1576	10254	102	5
1577	10255	102	6
1578	10255	102	5
1579	10256	102	1
1580	10256	102	6
1581	10257	102	5
1582	10257	102	6
1583	10258	102	3
1584	10258	102	3
1585	10259	102	2
1586	10259	102	2
1587	10260	102	4
1588	10260	102	1
1589	10261	102	4
1590	10261	102	1
1591	10262	102	6
1592	10262	102	5
1593	10263	102	5
1594	10263	102	6
1595	10264	102	3
1596	10264	102	3
1597	10265	102	6
1598	10265	102	5
1599	10266	102	3
1600	10266	102	2
1601	10267	102	6
1602	10267	102	1
1603	10001	4	5
1604	10001	4	4
1605	10002	4	3
1606	10002	4	1
1607	10003	4	5
1608	10003	4	5
1609	10004	4	6
1610	10004	4	3
1611	10005	4	6
1612	10005	4	3
1613	10006	4	6
1614	10006	4	4
1615	10007	4	5
1616	10007	4	5
1617	10008	4	6
1618	10008	4	4
1619	10009	4	1
1620	10009	4	6
1621	10010	4	5
1622	10010	4	5
1623	10011	4	5
1624	10011	4	1
1625	10012	4	3
1626	10012	4	3
1627	10013	4	4
1628	10013	4	3
1629	10014	4	4
1630	10014	4	4
1631	10015	4	5
1632	10015	4	4
1633	10016	4	4
1634	10016	4	4
1635	10017	4	5
1636	10017	4	5
1637	10018	4	1
1638	10018	4	2
1639	10019	4	6
1640	10019	4	6
1641	10020	4	1
1642	10020	4	5
1643	10021	4	1
1644	10021	4	2
1645	10022	4	5
1646	10022	4	5
1647	10023	4	1
1648	10023	4	6
1649	10024	13	2
1650	10024	13	4
1651	10025	13	4
1652	10025	13	3
1653	10026	13	1
1654	10026	13	4
1655	10027	13	6
1656	10027	13	5
1657	10028	13	6
1658	10028	13	3
1659	10029	13	6
1660	10029	13	1
1661	10030	13	3
1662	10030	13	4
1663	10031	13	4
1664	10031	13	4
1665	10032	13	2
1666	10032	13	4
1667	10033	13	5
1668	10033	13	6
1669	10034	13	4
1670	10034	13	3
1671	10035	13	1
1672	10035	13	4
1673	10036	13	5
1674	10036	13	5
1675	10037	13	1
1676	10037	13	2
1677	10038	13	6
1678	10038	13	1
1679	10039	13	2
1680	10039	13	5
1681	10040	13	1
1682	10040	13	6
1683	10041	13	3
1684	10041	13	5
1685	10042	13	1
1686	10042	13	2
1687	10043	13	6
1688	10043	13	6
1689	10044	13	3
1690	10044	13	4
1691	10045	13	5
1692	10045	13	2
1693	10046	22	5
1694	10046	22	6
1695	10047	22	6
1696	10047	22	1
1697	10048	22	1
1698	10048	22	5
1699	10049	22	3
1700	10049	22	2
1701	10050	22	2
1702	10050	22	4
1703	10051	22	5
1704	10051	22	1
1705	10052	22	6
1706	10052	22	6
1707	10053	22	4
1708	10053	22	2
1709	10054	22	5
1710	10054	22	4
1711	10055	22	1
1712	10055	22	6
1713	10056	22	6
1714	10056	22	3
1715	10057	22	3
1716	10057	22	2
1717	10058	22	6
1718	10058	22	3
1719	10059	22	5
1720	10059	22	4
1721	10060	22	3
1722	10060	22	6
1723	10061	22	3
1724	10061	22	6
1725	10062	22	5
1726	10062	22	5
1727	10063	22	2
1728	10063	22	3
1729	10064	22	5
1730	10064	22	1
1731	10065	22	5
1732	10065	22	5
1733	10066	22	2
1734	10066	22	4
1735	10067	22	4
1736	10067	22	1
1737	10068	31	2
1738	10068	31	3
1739	10069	31	5
1740	10069	31	1
1741	10070	31	6
1742	10070	31	2
1743	10071	31	5
1744	10071	31	6
1745	10072	31	3
1746	10072	31	1
1747	10073	31	6
1748	10073	31	5
1749	10074	31	2
1750	10074	31	1
1751	10075	31	4
1752	10075	31	3
1753	10076	31	1
1754	10076	31	5
1755	10077	31	4
1756	10077	31	4
1757	10078	31	3
1758	10078	31	6
1759	10079	31	4
1760	10079	31	1
1761	10080	31	3
1762	10080	31	5
1763	10081	31	2
1764	10081	31	5
1765	10082	31	3
1766	10082	31	4
1767	10083	31	6
1768	10083	31	3
1769	10084	31	5
1770	10084	31	2
1771	10085	31	2
1772	10085	31	6
1773	10086	31	3
1774	10086	31	3
1775	10087	31	5
1776	10087	31	1
1777	10088	31	1
1778	10088	31	4
1779	10089	31	2
1780	10089	31	2
1781	10090	31	3
1782	10090	31	1
1783	10091	40	3
1784	10091	40	1
1785	10092	40	3
1786	10092	40	3
1787	10093	40	5
1788	10093	40	4
1789	10094	40	5
1790	10094	40	1
1791	10095	40	1
1792	10095	40	2
1793	10096	40	5
1794	10096	40	3
1795	10097	40	4
1796	10097	40	6
1797	10098	40	5
1798	10098	40	6
1799	10099	40	1
1800	10099	40	3
1801	10100	40	4
1802	10100	40	4
1803	10101	40	6
1804	10101	40	3
1805	10102	40	3
1806	10102	40	3
1807	10103	40	6
1808	10103	40	4
1809	10104	40	6
1810	10104	40	4
1811	10105	40	4
1812	10105	40	2
1813	10106	40	1
1814	10106	40	4
1815	10107	40	6
1816	10107	40	3
1817	10108	40	1
1818	10108	40	2
1819	10109	40	2
1820	10109	40	4
1821	10110	40	4
1822	10110	40	2
1823	10111	40	3
1824	10111	40	4
1825	10112	40	4
1826	10112	40	6
1827	10113	40	2
1828	10113	40	2
1829	10114	40	6
1830	10114	40	2
1831	10115	49	5
1832	10115	49	2
1833	10116	49	6
1834	10116	49	1
1835	10117	49	1
1836	10117	49	1
1837	10118	49	4
1838	10118	49	6
1839	10119	49	6
1840	10119	49	6
1841	10120	49	5
1842	10120	49	4
1843	10121	49	5
1844	10121	49	4
1845	10122	49	1
1846	10122	49	4
1847	10123	49	4
1848	10123	49	5
1849	10124	49	5
1850	10124	49	6
1851	10125	49	3
1852	10125	49	5
1853	10126	49	5
1854	10126	49	1
1855	10127	49	2
1856	10127	49	5
1857	10128	49	1
1858	10128	49	1
1859	10129	49	1
1860	10129	49	6
1861	10130	49	6
1862	10130	49	6
1863	10131	49	1
1864	10131	49	4
1865	10132	58	6
1866	10132	58	6
1867	10133	58	1
1868	10133	58	4
1869	10134	58	5
1870	10134	58	2
1871	10135	58	2
1872	10135	58	6
1873	10136	58	4
1874	10136	58	5
1875	10137	58	3
1876	10137	58	5
1877	10138	58	3
1878	10138	58	5
1879	10139	58	5
1880	10139	58	3
1881	10140	58	3
1882	10140	58	5
1883	10141	58	2
1884	10141	58	1
1885	10142	58	3
1886	10142	58	2
1887	10143	58	5
1888	10143	58	4
1889	10144	58	4
1890	10144	58	2
1891	10145	58	3
1892	10145	58	4
1893	10146	58	4
1894	10146	58	5
1895	10147	58	5
1896	10147	58	5
1897	10148	58	2
1898	10148	58	6
1899	10149	58	3
1900	10149	58	1
1901	10150	58	4
1902	10150	58	1
1903	10151	58	5
1904	10151	58	2
1905	10152	58	3
1906	10152	58	2
1907	10153	58	5
1908	10153	58	5
1909	10154	58	2
1910	10154	58	1
1911	10155	58	6
1912	10155	58	4
1913	10156	58	1
1914	10156	58	5
1915	10157	67	6
1916	10157	67	3
1917	10158	67	4
1918	10158	67	2
1919	10159	67	4
1920	10159	67	5
1921	10160	67	5
1922	10160	67	6
1923	10161	67	2
1924	10161	67	5
1925	10162	67	6
1926	10162	67	3
1927	10163	67	6
1928	10163	67	2
1929	10164	67	1
1930	10164	67	6
1931	10165	67	1
1932	10165	67	3
1933	10166	67	1
1934	10166	67	4
1935	10167	67	5
1936	10167	67	2
1937	10168	67	3
1938	10168	67	6
1939	10169	67	5
1940	10169	67	5
1941	10170	67	4
1942	10170	67	3
1943	10171	67	3
1944	10171	67	6
1945	10172	67	6
1946	10172	67	3
1947	10173	67	1
1948	10173	67	6
1949	10174	67	4
1950	10174	67	1
1951	10175	67	2
1952	10175	67	1
1953	10176	67	5
1954	10176	67	2
1955	10177	67	5
1956	10177	67	6
1957	10178	67	1
1958	10178	67	2
1959	10179	76	2
1960	10179	76	3
1961	10180	76	5
1962	10180	76	2
1963	10181	76	1
1964	10181	76	4
1965	10182	76	1
1966	10182	76	1
1967	10183	76	1
1968	10183	76	6
1969	10184	76	6
1970	10184	76	3
1971	10185	76	5
1972	10185	76	5
1973	10186	76	3
1974	10186	76	5
1975	10187	76	6
1976	10187	76	3
1977	10188	76	2
1978	10188	76	2
1979	10189	76	4
1980	10189	76	1
1981	10190	76	2
1982	10190	76	3
1983	10191	76	1
1984	10191	76	3
1985	10192	76	4
1986	10192	76	4
1987	10193	76	6
1988	10193	76	2
1989	10194	76	6
1990	10194	76	1
1991	10195	76	4
1992	10195	76	5
1993	10196	76	5
1994	10196	76	3
1995	10197	76	5
1996	10197	76	1
1997	10198	76	6
1998	10198	76	4
1999	10199	76	5
2000	10199	76	5
2001	10200	85	4
2002	10200	85	6
2003	10201	85	4
2004	10201	85	3
2005	10202	85	4
2006	10202	85	6
2007	10203	85	5
2008	10203	85	1
2009	10204	85	3
2010	10204	85	3
2011	10205	85	2
2012	10205	85	4
2013	10206	85	5
2014	10206	85	2
2015	10207	85	1
2016	10207	85	2
2017	10208	85	6
2018	10208	85	1
2019	10209	85	3
2020	10209	85	2
2021	10210	85	6
2022	10210	85	6
2023	10211	85	6
2024	10211	85	4
2025	10212	85	5
2026	10212	85	4
2027	10213	85	6
2028	10213	85	1
2029	10214	85	1
2030	10214	85	1
2031	10215	85	1
2032	10215	85	1
2033	10216	85	2
2034	10216	85	6
2035	10217	85	3
2036	10217	85	6
2037	10218	85	6
2038	10218	85	5
2039	10219	85	6
2040	10219	85	3
2041	10220	85	2
2042	10220	85	2
2043	10221	85	1
2044	10221	85	5
2045	10222	85	5
2046	10222	85	2
2047	10223	85	6
2048	10223	85	5
2049	10224	94	6
2050	10224	94	4
2051	10225	94	3
2052	10225	94	1
2053	10226	94	1
2054	10226	94	3
2055	10227	94	4
2056	10227	94	3
2057	10228	94	3
2058	10228	94	4
2059	10229	94	2
2060	10229	94	1
2061	10230	94	2
2062	10230	94	5
2063	10231	94	4
2064	10231	94	1
2065	10232	94	4
2066	10232	94	3
2067	10233	94	6
2068	10233	94	4
2069	10234	94	1
2070	10234	94	3
2071	10235	94	6
2072	10235	94	2
2073	10236	94	4
2074	10236	94	5
2075	10237	94	6
2076	10237	94	2
2077	10238	94	3
2078	10238	94	2
2079	10239	94	5
2080	10239	94	1
2081	10240	94	1
2082	10240	94	4
2083	10241	94	4
2084	10241	94	1
2085	10242	94	3
2086	10242	94	4
2087	10243	94	5
2088	10243	94	2
2089	10244	94	1
2090	10244	94	3
2091	10245	94	4
2092	10245	94	5
2093	10246	94	1
2094	10246	94	4
2095	10247	103	6
2096	10247	103	1
2097	10248	103	4
2098	10248	103	6
2099	10249	103	4
2100	10249	103	3
2101	10250	103	5
2102	10250	103	5
2103	10251	103	6
2104	10251	103	4
2105	10252	103	6
2106	10252	103	4
2107	10253	103	6
2108	10253	103	4
2109	10254	103	6
2110	10254	103	2
2111	10255	103	5
2112	10255	103	4
2113	10256	103	4
2114	10256	103	2
2115	10257	103	5
2116	10257	103	1
2117	10258	103	1
2118	10258	103	2
2119	10259	103	6
2120	10259	103	6
2121	10260	103	2
2122	10260	103	2
2123	10261	103	2
2124	10261	103	2
2125	10262	103	3
2126	10262	103	5
2127	10263	103	5
2128	10263	103	5
2129	10264	103	4
2130	10264	103	6
2131	10265	103	6
2132	10265	103	5
2133	10266	103	2
2134	10266	103	6
2135	10267	103	5
2136	10267	103	4
2137	10001	5	2
2138	10001	5	6
2139	10002	5	2
2140	10002	5	5
2141	10003	5	3
2142	10003	5	2
2143	10004	5	2
2144	10004	5	6
2145	10005	5	3
2146	10005	5	1
2147	10006	5	2
2148	10006	5	6
2149	10007	5	3
2150	10007	5	5
2151	10008	5	4
2152	10008	5	3
2153	10009	5	3
2154	10009	5	2
2155	10010	5	5
2156	10010	5	2
2157	10011	5	4
2158	10011	5	3
2159	10012	5	6
2160	10012	5	3
2161	10013	5	2
2162	10013	5	1
2163	10014	5	6
2164	10014	5	3
2165	10015	5	3
2166	10015	5	5
2167	10016	5	1
2168	10016	5	3
2169	10017	5	6
2170	10017	5	1
2171	10018	5	2
2172	10018	5	3
2173	10019	5	4
2174	10019	5	4
2175	10020	5	2
2176	10020	5	3
2177	10021	5	2
2178	10021	5	6
2179	10022	5	4
2180	10022	5	1
2181	10023	5	2
2182	10023	5	5
2183	10024	14	5
2184	10024	14	6
2185	10025	14	6
2186	10025	14	4
2187	10026	14	4
2188	10026	14	5
2189	10027	14	6
2190	10027	14	5
2191	10028	14	4
2192	10028	14	4
2193	10029	14	5
2194	10029	14	1
2195	10030	14	2
2196	10030	14	6
2197	10031	14	4
2198	10031	14	5
2199	10032	14	4
2200	10032	14	6
2201	10033	14	4
2202	10033	14	6
2203	10034	14	4
2204	10034	14	4
2205	10035	14	5
2206	10035	14	4
2207	10036	14	3
2208	10036	14	2
2209	10037	14	2
2210	10037	14	2
2211	10038	14	4
2212	10038	14	1
2213	10039	14	5
2214	10039	14	3
2215	10040	14	2
2216	10040	14	2
2217	10041	14	6
2218	10041	14	2
2219	10042	14	6
2220	10042	14	5
2221	10043	14	1
2222	10043	14	1
2223	10044	14	6
2224	10044	14	6
2225	10045	14	1
2226	10045	14	6
2227	10046	23	6
2228	10046	23	2
2229	10047	23	2
2230	10047	23	4
2231	10048	23	5
2232	10048	23	3
2233	10049	23	2
2234	10049	23	3
2235	10050	23	2
2236	10050	23	4
2237	10051	23	1
2238	10051	23	1
2239	10052	23	1
2240	10052	23	2
2241	10053	23	2
2242	10053	23	6
2243	10054	23	2
2244	10054	23	1
2245	10055	23	3
2246	10055	23	4
2247	10056	23	4
2248	10056	23	5
2249	10057	23	4
2250	10057	23	4
2251	10058	23	1
2252	10058	23	1
2253	10059	23	5
2254	10059	23	4
2255	10060	23	1
2256	10060	23	3
2257	10061	23	6
2258	10061	23	4
2259	10062	23	6
2260	10062	23	6
2261	10063	23	2
2262	10063	23	5
2263	10064	23	1
2264	10064	23	3
2265	10065	23	5
2266	10065	23	2
2267	10066	23	3
2268	10066	23	3
2269	10067	23	5
2270	10067	23	2
2271	10068	32	4
2272	10068	32	3
2273	10069	32	2
2274	10069	32	6
2275	10070	32	4
2276	10070	32	6
2277	10071	32	3
2278	10071	32	2
2279	10072	32	2
2280	10072	32	2
2281	10073	32	6
2282	10073	32	5
2283	10074	32	2
2284	10074	32	2
2285	10075	32	4
2286	10075	32	2
2287	10076	32	6
2288	10076	32	4
2289	10077	32	1
2290	10077	32	1
2291	10078	32	2
2292	10078	32	1
2293	10079	32	1
2294	10079	32	2
2295	10080	32	2
2296	10080	32	6
2297	10081	32	6
2298	10081	32	4
2299	10082	32	4
2300	10082	32	1
2301	10083	32	1
2302	10083	32	5
2303	10084	32	4
2304	10084	32	6
2305	10085	32	6
2306	10085	32	1
2307	10086	32	1
2308	10086	32	5
2309	10087	32	6
2310	10087	32	5
2311	10088	32	1
2312	10088	32	5
2313	10089	32	4
2314	10089	32	3
2315	10090	32	3
2316	10090	32	1
2317	10091	41	3
2318	10091	41	6
2319	10092	41	2
2320	10092	41	5
2321	10093	41	4
2322	10093	41	6
2323	10094	41	4
2324	10094	41	1
2325	10095	41	5
2326	10095	41	5
2327	10096	41	5
2328	10096	41	1
2329	10097	41	3
2330	10097	41	5
2331	10098	41	1
2332	10098	41	2
2333	10099	41	2
2334	10099	41	1
2335	10100	41	1
2336	10100	41	2
2337	10101	41	2
2338	10101	41	3
2339	10102	41	5
2340	10102	41	4
2341	10103	41	5
2342	10103	41	3
2343	10104	41	6
2344	10104	41	5
2345	10105	41	4
2346	10105	41	6
2347	10106	41	2
2348	10106	41	1
2349	10107	41	3
2350	10107	41	1
2351	10108	41	3
2352	10108	41	2
2353	10109	41	4
2354	10109	41	2
2355	10110	41	3
2356	10110	41	6
2357	10111	41	5
2358	10111	41	2
2359	10112	41	4
2360	10112	41	2
2361	10113	41	1
2362	10113	41	5
2363	10114	41	5
2364	10114	41	4
2365	10115	50	1
2366	10115	50	6
2367	10116	50	6
2368	10116	50	3
2369	10117	50	4
2370	10117	50	1
2371	10118	50	5
2372	10118	50	6
2373	10119	50	1
2374	10119	50	4
2375	10120	50	4
2376	10120	50	6
2377	10121	50	4
2378	10121	50	3
2379	10122	50	2
2380	10122	50	4
2381	10123	50	6
2382	10123	50	1
2383	10124	50	4
2384	10124	50	5
2385	10125	50	1
2386	10125	50	3
2387	10126	50	1
2388	10126	50	3
2389	10127	50	2
2390	10127	50	4
2391	10128	50	2
2392	10128	50	1
2393	10129	50	5
2394	10129	50	3
2395	10130	50	2
2396	10130	50	6
2397	10131	50	2
2398	10131	50	3
2399	10132	59	3
2400	10132	59	6
2401	10133	59	5
2402	10133	59	1
2403	10134	59	5
2404	10134	59	2
2405	10135	59	5
2406	10135	59	5
2407	10136	59	3
2408	10136	59	5
2409	10137	59	1
2410	10137	59	2
2411	10138	59	2
2412	10138	59	3
2413	10139	59	5
2414	10139	59	5
2415	10140	59	3
2416	10140	59	6
2417	10141	59	1
2418	10141	59	2
2419	10142	59	4
2420	10142	59	1
2421	10143	59	6
2422	10143	59	5
2423	10144	59	3
2424	10144	59	1
2425	10145	59	3
2426	10145	59	5
2427	10146	59	2
2428	10146	59	3
2429	10147	59	4
2430	10147	59	4
2431	10148	59	1
2432	10148	59	6
2433	10149	59	3
2434	10149	59	6
2435	10150	59	3
2436	10150	59	4
2437	10151	59	2
2438	10151	59	2
2439	10152	59	1
2440	10152	59	4
2441	10153	59	1
2442	10153	59	6
2443	10154	59	3
2444	10154	59	4
2445	10155	59	6
2446	10155	59	1
2447	10156	59	6
2448	10156	59	1
2449	10157	68	3
2450	10157	68	4
2451	10158	68	5
2452	10158	68	2
2453	10159	68	4
2454	10159	68	4
2455	10160	68	4
2456	10160	68	4
2457	10161	68	1
2458	10161	68	1
2459	10162	68	2
2460	10162	68	6
2461	10163	68	6
2462	10163	68	5
2463	10164	68	3
2464	10164	68	2
2465	10165	68	5
2466	10165	68	2
2467	10166	68	5
2468	10166	68	2
2469	10167	68	6
2470	10167	68	5
2471	10168	68	4
2472	10168	68	5
2473	10169	68	1
2474	10169	68	4
2475	10170	68	4
2476	10170	68	1
2477	10171	68	6
2478	10171	68	1
2479	10172	68	4
2480	10172	68	4
2481	10173	68	3
2482	10173	68	5
2483	10174	68	2
2484	10174	68	1
2485	10175	68	2
2486	10175	68	4
2487	10176	68	3
2488	10176	68	3
2489	10177	68	5
2490	10177	68	6
2491	10178	68	5
2492	10178	68	4
2493	10179	77	4
2494	10179	77	4
2495	10180	77	4
2496	10180	77	6
2497	10181	77	1
2498	10181	77	3
2499	10182	77	4
2500	10182	77	6
2501	10183	77	1
2502	10183	77	4
2503	10184	77	5
2504	10184	77	1
2505	10185	77	4
2506	10185	77	2
2507	10186	77	6
2508	10186	77	2
2509	10187	77	2
2510	10187	77	5
2511	10188	77	3
2512	10188	77	6
2513	10189	77	6
2514	10189	77	5
2515	10190	77	2
2516	10190	77	3
2517	10191	77	3
2518	10191	77	3
2519	10192	77	2
2520	10192	77	3
2521	10193	77	2
2522	10193	77	5
2523	10194	77	2
2524	10194	77	4
2525	10195	77	3
2526	10195	77	3
2527	10196	77	1
2528	10196	77	6
2529	10197	77	1
2530	10197	77	3
2531	10198	77	5
2532	10198	77	3
2533	10199	77	3
2534	10199	77	3
2535	10200	86	1
2536	10200	86	1
2537	10201	86	4
2538	10201	86	3
2539	10202	86	5
2540	10202	86	1
2541	10203	86	4
2542	10203	86	5
2543	10204	86	3
2544	10204	86	5
2545	10205	86	4
2546	10205	86	3
2547	10206	86	4
2548	10206	86	1
2549	10207	86	6
2550	10207	86	2
2551	10208	86	5
2552	10208	86	3
2553	10209	86	1
2554	10209	86	6
2555	10210	86	3
2556	10210	86	4
2557	10211	86	1
2558	10211	86	4
2559	10212	86	6
2560	10212	86	3
2561	10213	86	4
2562	10213	86	6
2563	10214	86	5
2564	10214	86	5
2565	10215	86	6
2566	10215	86	3
2567	10216	86	5
2568	10216	86	4
2569	10217	86	1
2570	10217	86	2
2571	10218	86	1
2572	10218	86	6
2573	10219	86	1
2574	10219	86	3
2575	10220	86	4
2576	10220	86	1
2577	10221	86	3
2578	10221	86	3
2579	10222	86	1
2580	10222	86	3
2581	10223	86	3
2582	10223	86	2
2583	10224	95	6
2584	10224	95	3
2585	10225	95	4
2586	10225	95	4
2587	10226	95	1
2588	10226	95	4
2589	10227	95	4
2590	10227	95	2
2591	10228	95	4
2592	10228	95	6
2593	10229	95	2
2594	10229	95	2
2595	10230	95	5
2596	10230	95	2
2597	10231	95	2
2598	10231	95	4
2599	10232	95	3
2600	10232	95	2
2601	10233	95	6
2602	10233	95	5
2603	10234	95	6
2604	10234	95	1
2605	10235	95	5
2606	10235	95	1
2607	10236	95	5
2608	10236	95	2
2609	10237	95	2
2610	10237	95	4
2611	10238	95	1
2612	10238	95	3
2613	10239	95	3
2614	10239	95	4
2615	10240	95	4
2616	10240	95	5
2617	10241	95	1
2618	10241	95	2
2619	10242	95	4
2620	10242	95	5
2621	10243	95	3
2622	10243	95	1
2623	10244	95	3
2624	10244	95	5
2625	10245	95	1
2626	10245	95	6
2627	10246	95	4
2628	10246	95	1
2629	10247	104	3
2630	10247	104	4
2631	10248	104	3
2632	10248	104	4
2633	10249	104	2
2634	10249	104	2
2635	10250	104	1
2636	10250	104	2
2637	10251	104	3
2638	10251	104	2
2639	10252	104	5
2640	10252	104	1
2641	10253	104	4
2642	10253	104	1
2643	10254	104	3
2644	10254	104	2
2645	10255	104	5
2646	10255	104	2
2647	10256	104	4
2648	10256	104	4
2649	10257	104	6
2650	10257	104	6
2651	10258	104	4
2652	10258	104	3
2653	10259	104	2
2654	10259	104	2
2655	10260	104	3
2656	10260	104	3
2657	10261	104	3
2658	10261	104	2
2659	10262	104	4
2660	10262	104	5
2661	10263	104	2
2662	10263	104	4
2663	10264	104	2
2664	10264	104	2
2665	10265	104	5
2666	10265	104	6
2667	10266	104	5
2668	10266	104	4
2669	10267	104	3
2670	10267	104	3
2671	10001	6	4
2672	10001	6	5
2673	10002	6	6
2674	10002	6	3
2675	10003	6	2
2676	10003	6	5
2677	10004	6	4
2678	10004	6	1
2679	10005	6	2
2680	10005	6	6
2681	10006	6	6
2682	10006	6	4
2683	10007	6	2
2684	10007	6	5
2685	10008	6	2
2686	10008	6	5
2687	10009	6	6
2688	10009	6	5
2689	10010	6	4
2690	10010	6	2
2691	10011	6	2
2692	10011	6	2
2693	10012	6	2
2694	10012	6	1
2695	10013	6	5
2696	10013	6	5
2697	10014	6	1
2698	10014	6	1
2699	10015	6	6
2700	10015	6	2
2701	10016	6	5
2702	10016	6	6
2703	10017	6	6
2704	10017	6	6
2705	10018	6	1
2706	10018	6	3
2707	10019	6	6
2708	10019	6	1
2709	10020	6	2
2710	10020	6	6
2711	10021	6	4
2712	10021	6	6
2713	10022	6	3
2714	10022	6	6
2715	10023	6	2
2716	10023	6	1
2717	10024	15	4
2718	10024	15	1
2719	10025	15	3
2720	10025	15	2
2721	10026	15	1
2722	10026	15	5
2723	10027	15	2
2724	10027	15	1
2725	10028	15	1
2726	10028	15	4
2727	10029	15	5
2728	10029	15	1
2729	10030	15	5
2730	10030	15	2
2731	10031	15	5
2732	10031	15	4
2733	10032	15	6
2734	10032	15	3
2735	10033	15	4
2736	10033	15	6
2737	10034	15	6
2738	10034	15	3
2739	10035	15	4
2740	10035	15	3
2741	10036	15	1
2742	10036	15	1
2743	10037	15	4
2744	10037	15	6
2745	10038	15	1
2746	10038	15	4
2747	10039	15	4
2748	10039	15	5
2749	10040	15	5
2750	10040	15	4
2751	10041	15	3
2752	10041	15	5
2753	10042	15	3
2754	10042	15	1
2755	10043	15	2
2756	10043	15	1
2757	10044	15	3
2758	10044	15	5
2759	10045	15	1
2760	10045	15	2
2761	10046	24	3
2762	10046	24	6
2763	10047	24	3
2764	10047	24	2
2765	10048	24	6
2766	10048	24	1
2767	10049	24	6
2768	10049	24	6
2769	10050	24	5
2770	10050	24	5
2771	10051	24	5
2772	10051	24	5
2773	10052	24	5
2774	10052	24	1
2775	10053	24	2
2776	10053	24	5
2777	10054	24	5
2778	10054	24	6
2779	10055	24	3
2780	10055	24	1
2781	10056	24	4
2782	10056	24	6
2783	10057	24	4
2784	10057	24	5
2785	10058	24	2
2786	10058	24	5
2787	10059	24	5
2788	10059	24	5
2789	10060	24	6
2790	10060	24	1
2791	10061	24	2
2792	10061	24	1
2793	10062	24	6
2794	10062	24	1
2795	10063	24	1
2796	10063	24	2
2797	10064	24	5
2798	10064	24	5
2799	10065	24	2
2800	10065	24	6
2801	10066	24	1
2802	10066	24	2
2803	10067	24	5
2804	10067	24	2
2805	10068	33	3
2806	10068	33	3
2807	10069	33	3
2808	10069	33	6
2809	10070	33	1
2810	10070	33	2
2811	10071	33	3
2812	10071	33	4
2813	10072	33	2
2814	10072	33	1
2815	10073	33	1
2816	10073	33	5
2817	10074	33	3
2818	10074	33	3
2819	10075	33	2
2820	10075	33	5
2821	10076	33	6
2822	10076	33	2
2823	10077	33	5
2824	10077	33	4
2825	10078	33	4
2826	10078	33	6
2827	10079	33	1
2828	10079	33	5
2829	10080	33	6
2830	10080	33	1
2831	10081	33	6
2832	10081	33	5
2833	10082	33	4
2834	10082	33	6
2835	10083	33	1
2836	10083	33	6
2837	10084	33	3
2838	10084	33	2
2839	10085	33	5
2840	10085	33	2
2841	10086	33	2
2842	10086	33	5
2843	10087	33	2
2844	10087	33	4
2845	10088	33	5
2846	10088	33	2
2847	10089	33	6
2848	10089	33	2
2849	10090	33	5
2850	10090	33	6
2851	10091	42	3
2852	10091	42	6
2853	10092	42	5
2854	10092	42	1
2855	10093	42	4
2856	10093	42	2
2857	10094	42	5
2858	10094	42	1
2859	10095	42	6
2860	10095	42	4
2861	10096	42	1
2862	10096	42	6
2863	10097	42	2
2864	10097	42	2
2865	10098	42	2
2866	10098	42	2
2867	10099	42	2
2868	10099	42	2
2869	10100	42	1
2870	10100	42	6
2871	10101	42	4
2872	10101	42	2
2873	10102	42	2
2874	10102	42	4
2875	10103	42	1
2876	10103	42	1
2877	10104	42	2
2878	10104	42	1
2879	10105	42	4
2880	10105	42	4
2881	10106	42	3
2882	10106	42	5
2883	10107	42	6
2884	10107	42	1
2885	10108	42	6
2886	10108	42	1
2887	10109	42	1
2888	10109	42	2
2889	10110	42	5
2890	10110	42	2
2891	10111	42	2
2892	10111	42	2
2893	10112	42	2
2894	10112	42	5
2895	10113	42	6
2896	10113	42	5
2897	10114	42	4
2898	10114	42	4
2899	10115	51	1
2900	10115	51	3
2901	10116	51	4
2902	10116	51	2
2903	10117	51	6
2904	10117	51	3
2905	10118	51	4
2906	10118	51	4
2907	10119	51	6
2908	10119	51	4
2909	10120	51	3
2910	10120	51	1
2911	10121	51	5
2912	10121	51	2
2913	10122	51	5
2914	10122	51	2
2915	10123	51	4
2916	10123	51	4
2917	10124	51	6
2918	10124	51	6
2919	10125	51	2
2920	10125	51	1
2921	10126	51	5
2922	10126	51	2
2923	10127	51	6
2924	10127	51	3
2925	10128	51	5
2926	10128	51	3
2927	10129	51	4
2928	10129	51	6
2929	10130	51	5
2930	10130	51	4
2931	10131	51	5
2932	10131	51	2
2933	10132	60	4
2934	10132	60	3
2935	10133	60	6
2936	10133	60	3
2937	10134	60	1
2938	10134	60	4
2939	10135	60	5
2940	10135	60	6
2941	10136	60	6
2942	10136	60	5
2943	10137	60	5
2944	10137	60	4
2945	10138	60	4
2946	10138	60	6
2947	10139	60	6
2948	10139	60	3
2949	10140	60	5
2950	10140	60	1
2951	10141	60	6
2952	10141	60	2
2953	10142	60	3
2954	10142	60	4
2955	10143	60	6
2956	10143	60	2
2957	10144	60	4
2958	10144	60	5
2959	10145	60	2
2960	10145	60	1
2961	10146	60	3
2962	10146	60	4
2963	10147	60	1
2964	10147	60	3
2965	10148	60	1
2966	10148	60	4
2967	10149	60	6
2968	10149	60	1
2969	10150	60	5
2970	10150	60	6
2971	10151	60	3
2972	10151	60	6
2973	10152	60	6
2974	10152	60	3
2975	10153	60	1
2976	10153	60	6
2977	10154	60	2
2978	10154	60	5
2979	10155	60	2
2980	10155	60	2
2981	10156	60	4
2982	10156	60	2
2983	10157	69	4
2984	10157	69	5
2985	10158	69	5
2986	10158	69	2
2987	10159	69	4
2988	10159	69	3
2989	10160	69	4
2990	10160	69	4
2991	10161	69	5
2992	10161	69	5
2993	10162	69	4
2994	10162	69	5
2995	10163	69	1
2996	10163	69	4
2997	10164	69	3
2998	10164	69	2
2999	10165	69	1
3000	10165	69	3
3001	10166	69	4
3002	10166	69	5
3003	10167	69	2
3004	10167	69	2
3005	10168	69	5
3006	10168	69	5
3007	10169	69	1
3008	10169	69	3
3009	10170	69	4
3010	10170	69	3
3011	10171	69	5
3012	10171	69	5
3013	10172	69	4
3014	10172	69	5
3015	10173	69	2
3016	10173	69	2
3017	10174	69	5
3018	10174	69	4
3019	10175	69	3
3020	10175	69	6
3021	10176	69	6
3022	10176	69	2
3023	10177	69	5
3024	10177	69	3
3025	10178	69	6
3026	10178	69	4
3027	10179	78	1
3028	10179	78	5
3029	10180	78	5
3030	10180	78	5
3031	10181	78	5
3032	10181	78	4
3033	10182	78	3
3034	10182	78	6
3035	10183	78	3
3036	10183	78	4
3037	10184	78	4
3038	10184	78	5
3039	10185	78	5
3040	10185	78	4
3041	10186	78	1
3042	10186	78	3
3043	10187	78	2
3044	10187	78	4
3045	10188	78	3
3046	10188	78	4
3047	10189	78	5
3048	10189	78	3
3049	10190	78	4
3050	10190	78	5
3051	10191	78	5
3052	10191	78	1
3053	10192	78	1
3054	10192	78	5
3055	10193	78	4
3056	10193	78	4
3057	10194	78	2
3058	10194	78	5
3059	10195	78	1
3060	10195	78	5
3061	10196	78	5
3062	10196	78	6
3063	10197	78	1
3064	10197	78	1
3065	10198	78	4
3066	10198	78	6
3067	10199	78	1
3068	10199	78	3
3069	10200	87	3
3070	10200	87	2
3071	10201	87	3
3072	10201	87	1
3073	10202	87	4
3074	10202	87	2
3075	10203	87	1
3076	10203	87	6
3077	10204	87	2
3078	10204	87	6
3079	10205	87	1
3080	10205	87	6
3081	10206	87	6
3082	10206	87	6
3083	10207	87	1
3084	10207	87	4
3085	10208	87	2
3086	10208	87	4
3087	10209	87	1
3088	10209	87	1
3089	10210	87	1
3090	10210	87	5
3091	10211	87	3
3092	10211	87	1
3093	10212	87	2
3094	10212	87	6
3095	10213	87	3
3096	10213	87	1
3097	10214	87	3
3098	10214	87	6
3099	10215	87	5
3100	10215	87	2
3101	10216	87	1
3102	10216	87	1
3103	10217	87	6
3104	10217	87	3
3105	10218	87	4
3106	10218	87	4
3107	10219	87	3
3108	10219	87	3
3109	10220	87	4
3110	10220	87	2
3111	10221	87	1
3112	10221	87	4
3113	10222	87	1
3114	10222	87	3
3115	10223	87	1
3116	10223	87	3
3117	10224	96	2
3118	10224	96	1
3119	10225	96	6
3120	10225	96	6
3121	10226	96	4
3122	10226	96	2
3123	10227	96	4
3124	10227	96	1
3125	10228	96	1
3126	10228	96	1
3127	10229	96	2
3128	10229	96	5
3129	10230	96	4
3130	10230	96	6
3131	10231	96	5
3132	10231	96	2
3133	10232	96	6
3134	10232	96	2
3135	10233	96	1
3136	10233	96	2
3137	10234	96	5
3138	10234	96	1
3139	10235	96	1
3140	10235	96	4
3141	10236	96	6
3142	10236	96	2
3143	10237	96	4
3144	10237	96	4
3145	10238	96	6
3146	10238	96	3
3147	10239	96	3
3148	10239	96	5
3149	10240	96	5
3150	10240	96	1
3151	10241	96	4
3152	10241	96	2
3153	10242	96	5
3154	10242	96	4
3155	10243	96	4
3156	10243	96	1
3157	10244	96	1
3158	10244	96	4
3159	10245	96	1
3160	10245	96	6
3161	10246	96	2
3162	10246	96	3
3163	10247	105	3
3164	10247	105	4
3165	10248	105	2
3166	10248	105	4
3167	10249	105	2
3168	10249	105	5
3169	10250	105	5
3170	10250	105	4
3171	10251	105	5
3172	10251	105	3
3173	10252	105	3
3174	10252	105	3
3175	10253	105	4
3176	10253	105	6
3177	10254	105	5
3178	10254	105	3
3179	10255	105	4
3180	10255	105	4
3181	10256	105	5
3182	10256	105	1
3183	10257	105	3
3184	10257	105	4
3185	10258	105	6
3186	10258	105	4
3187	10259	105	2
3188	10259	105	6
3189	10260	105	5
3190	10260	105	5
3191	10261	105	6
3192	10261	105	3
3193	10262	105	5
3194	10262	105	6
3195	10263	105	1
3196	10263	105	2
3197	10264	105	3
3198	10264	105	4
3199	10265	105	6
3200	10265	105	4
3201	10266	105	3
3202	10266	105	5
3203	10267	105	6
3204	10267	105	1
3205	10001	7	5
3206	10001	7	5
3207	10002	7	3
3208	10002	7	4
3209	10003	7	4
3210	10003	7	5
3211	10004	7	4
3212	10004	7	4
3213	10005	7	2
3214	10005	7	2
3215	10006	7	2
3216	10006	7	4
3217	10007	7	6
3218	10007	7	1
3219	10008	7	6
3220	10008	7	6
3221	10009	7	1
3222	10009	7	5
3223	10010	7	2
3224	10010	7	4
3225	10011	7	5
3226	10011	7	1
3227	10012	7	5
3228	10012	7	2
3229	10013	7	1
3230	10013	7	6
3231	10014	7	2
3232	10014	7	2
3233	10015	7	5
3234	10015	7	6
3235	10016	7	6
3236	10016	7	1
3237	10017	7	2
3238	10017	7	4
3239	10018	7	3
3240	10018	7	5
3241	10019	7	3
3242	10019	7	6
3243	10020	7	5
3244	10020	7	3
3245	10021	7	3
3246	10021	7	5
3247	10022	7	6
3248	10022	7	5
3249	10023	7	2
3250	10023	7	3
3251	10024	16	3
3252	10024	16	6
3253	10025	16	1
3254	10025	16	2
3255	10026	16	5
3256	10026	16	4
3257	10027	16	4
3258	10027	16	3
3259	10028	16	5
3260	10028	16	4
3261	10029	16	4
3262	10029	16	5
3263	10030	16	3
3264	10030	16	3
3265	10031	16	3
3266	10031	16	6
3267	10032	16	6
3268	10032	16	4
3269	10033	16	5
3270	10033	16	6
3271	10034	16	4
3272	10034	16	6
3273	10035	16	2
3274	10035	16	5
3275	10036	16	3
3276	10036	16	2
3277	10037	16	5
3278	10037	16	4
3279	10038	16	1
3280	10038	16	5
3281	10039	16	5
3282	10039	16	5
3283	10040	16	3
3284	10040	16	4
3285	10041	16	2
3286	10041	16	3
3287	10042	16	3
3288	10042	16	4
3289	10043	16	1
3290	10043	16	1
3291	10044	16	5
3292	10044	16	2
3293	10045	16	6
3294	10045	16	2
3295	10046	25	3
3296	10046	25	3
3297	10047	25	2
3298	10047	25	5
3299	10048	25	2
3300	10048	25	4
3301	10049	25	1
3302	10049	25	6
3303	10050	25	5
3304	10050	25	1
3305	10051	25	4
3306	10051	25	1
3307	10052	25	6
3308	10052	25	4
3309	10053	25	3
3310	10053	25	1
3311	10054	25	3
3312	10054	25	4
3313	10055	25	6
3314	10055	25	4
3315	10056	25	1
3316	10056	25	5
3317	10057	25	5
3318	10057	25	5
3319	10058	25	2
3320	10058	25	6
3321	10059	25	6
3322	10059	25	3
3323	10060	25	1
3324	10060	25	4
3325	10061	25	2
3326	10061	25	3
3327	10062	25	6
3328	10062	25	5
3329	10063	25	6
3330	10063	25	1
3331	10064	25	1
3332	10064	25	3
3333	10065	25	1
3334	10065	25	6
3335	10066	25	6
3336	10066	25	3
3337	10067	25	3
3338	10067	25	5
3339	10068	34	5
3340	10068	34	2
3341	10069	34	3
3342	10069	34	1
3343	10070	34	3
3344	10070	34	5
3345	10071	34	3
3346	10071	34	3
3347	10072	34	2
3348	10072	34	2
3349	10073	34	5
3350	10073	34	3
3351	10074	34	3
3352	10074	34	2
3353	10075	34	3
3354	10075	34	1
3355	10076	34	6
3356	10076	34	5
3357	10077	34	2
3358	10077	34	5
3359	10078	34	4
3360	10078	34	2
3361	10079	34	5
3362	10079	34	1
3363	10080	34	6
3364	10080	34	5
3365	10081	34	1
3366	10081	34	4
3367	10082	34	2
3368	10082	34	2
3369	10083	34	1
3370	10083	34	2
3371	10084	34	6
3372	10084	34	3
3373	10085	34	4
3374	10085	34	5
3375	10086	34	6
3376	10086	34	2
3377	10087	34	5
3378	10087	34	3
3379	10088	34	3
3380	10088	34	2
3381	10089	34	5
3382	10089	34	3
3383	10090	34	5
3384	10090	34	2
3385	10091	43	4
3386	10091	43	5
3387	10092	43	4
3388	10092	43	6
3389	10093	43	6
3390	10093	43	3
3391	10094	43	5
3392	10094	43	1
3393	10095	43	3
3394	10095	43	3
3395	10096	43	3
3396	10096	43	3
3397	10097	43	4
3398	10097	43	3
3399	10098	43	4
3400	10098	43	5
3401	10099	43	2
3402	10099	43	5
3403	10100	43	2
3404	10100	43	6
3405	10101	43	3
3406	10101	43	6
3407	10102	43	2
3408	10102	43	5
3409	10103	43	6
3410	10103	43	1
3411	10104	43	5
3412	10104	43	4
3413	10105	43	6
3414	10105	43	2
3415	10106	43	1
3416	10106	43	1
3417	10107	43	3
3418	10107	43	4
3419	10108	43	4
3420	10108	43	2
3421	10109	43	1
3422	10109	43	6
3423	10110	43	2
3424	10110	43	3
3425	10111	43	4
3426	10111	43	3
3427	10112	43	2
3428	10112	43	4
3429	10113	43	6
3430	10113	43	4
3431	10114	43	5
3432	10114	43	5
3433	10115	52	4
3434	10115	52	3
3435	10116	52	3
3436	10116	52	1
3437	10117	52	5
3438	10117	52	2
3439	10118	52	4
3440	10118	52	6
3441	10119	52	6
3442	10119	52	6
3443	10120	52	1
3444	10120	52	4
3445	10121	52	2
3446	10121	52	6
3447	10122	52	2
3448	10122	52	2
3449	10123	52	3
3450	10123	52	4
3451	10124	52	4
3452	10124	52	1
3453	10125	52	4
3454	10125	52	6
3455	10126	52	2
3456	10126	52	4
3457	10127	52	4
3458	10127	52	1
3459	10128	52	1
3460	10128	52	3
3461	10129	52	1
3462	10129	52	2
3463	10130	52	4
3464	10130	52	3
3465	10131	52	4
3466	10131	52	5
3467	10132	61	2
3468	10132	61	6
3469	10133	61	2
3470	10133	61	5
3471	10134	61	3
3472	10134	61	3
3473	10135	61	1
3474	10135	61	2
3475	10136	61	3
3476	10136	61	6
3477	10137	61	1
3478	10137	61	1
3479	10138	61	5
3480	10138	61	3
3481	10139	61	3
3482	10139	61	2
3483	10140	61	2
3484	10140	61	3
3485	10141	61	5
3486	10141	61	6
3487	10142	61	1
3488	10142	61	4
3489	10143	61	6
3490	10143	61	3
3491	10144	61	3
3492	10144	61	1
3493	10145	61	2
3494	10145	61	4
3495	10146	61	6
3496	10146	61	3
3497	10147	61	4
3498	10147	61	1
3499	10148	61	3
3500	10148	61	4
3501	10149	61	3
3502	10149	61	3
3503	10150	61	2
3504	10150	61	1
3505	10151	61	3
3506	10151	61	5
3507	10152	61	5
3508	10152	61	1
3509	10153	61	4
3510	10153	61	1
3511	10154	61	4
3512	10154	61	1
3513	10155	61	6
3514	10155	61	5
3515	10156	61	4
3516	10156	61	3
3517	10157	70	4
3518	10157	70	2
3519	10158	70	1
3520	10158	70	5
3521	10159	70	2
3522	10159	70	4
3523	10160	70	5
3524	10160	70	3
3525	10161	70	2
3526	10161	70	5
3527	10162	70	4
3528	10162	70	1
3529	10163	70	5
3530	10163	70	1
3531	10164	70	2
3532	10164	70	4
3533	10165	70	1
3534	10165	70	2
3535	10166	70	6
3536	10166	70	1
3537	10167	70	4
3538	10167	70	3
3539	10168	70	3
3540	10168	70	4
3541	10169	70	3
3542	10169	70	4
3543	10170	70	1
3544	10170	70	1
3545	10171	70	5
3546	10171	70	4
3547	10172	70	4
3548	10172	70	2
3549	10173	70	2
3550	10173	70	3
3551	10174	70	3
3552	10174	70	3
3553	10175	70	6
3554	10175	70	5
3555	10176	70	1
3556	10176	70	3
3557	10177	70	4
3558	10177	70	2
3559	10178	70	2
3560	10178	70	5
3561	10179	79	2
3562	10179	79	3
3563	10180	79	6
3564	10180	79	4
3565	10181	79	4
3566	10181	79	6
3567	10182	79	6
3568	10182	79	3
3569	10183	79	4
3570	10183	79	3
3571	10184	79	2
3572	10184	79	2
3573	10185	79	2
3574	10185	79	4
3575	10186	79	6
3576	10186	79	2
3577	10187	79	5
3578	10187	79	5
3579	10188	79	2
3580	10188	79	1
3581	10189	79	4
3582	10189	79	5
3583	10190	79	2
3584	10190	79	2
3585	10191	79	1
3586	10191	79	5
3587	10192	79	5
3588	10192	79	6
3589	10193	79	4
3590	10193	79	5
3591	10194	79	6
3592	10194	79	6
3593	10195	79	2
3594	10195	79	6
3595	10196	79	3
3596	10196	79	4
3597	10197	79	5
3598	10197	79	2
3599	10198	79	5
3600	10198	79	4
3601	10199	79	4
3602	10199	79	4
3603	10200	88	5
3604	10200	88	5
3605	10201	88	2
3606	10201	88	6
3607	10202	88	2
3608	10202	88	3
3609	10203	88	1
3610	10203	88	2
3611	10204	88	2
3612	10204	88	2
3613	10205	88	2
3614	10205	88	2
3615	10206	88	2
3616	10206	88	4
3617	10207	88	4
3618	10207	88	4
3619	10208	88	2
3620	10208	88	4
3621	10209	88	1
3622	10209	88	2
3623	10210	88	2
3624	10210	88	2
3625	10211	88	5
3626	10211	88	6
3627	10212	88	3
3628	10212	88	2
3629	10213	88	5
3630	10213	88	5
3631	10214	88	4
3632	10214	88	4
3633	10215	88	6
3634	10215	88	1
3635	10216	88	6
3636	10216	88	4
3637	10217	88	3
3638	10217	88	3
3639	10218	88	6
3640	10218	88	2
3641	10219	88	6
3642	10219	88	6
3643	10220	88	2
3644	10220	88	5
3645	10221	88	3
3646	10221	88	3
3647	10222	88	4
3648	10222	88	2
3649	10223	88	3
3650	10223	88	4
3651	10224	97	2
3652	10224	97	2
3653	10225	97	1
3654	10225	97	1
3655	10226	97	6
3656	10226	97	5
3657	10227	97	6
3658	10227	97	5
3659	10228	97	4
3660	10228	97	3
3661	10229	97	1
3662	10229	97	3
3663	10230	97	3
3664	10230	97	5
3665	10231	97	4
3666	10231	97	4
3667	10232	97	2
3668	10232	97	4
3669	10233	97	3
3670	10233	97	5
3671	10234	97	2
3672	10234	97	2
3673	10235	97	4
3674	10235	97	3
3675	10236	97	5
3676	10236	97	4
3677	10237	97	4
3678	10237	97	5
3679	10238	97	2
3680	10238	97	3
3681	10239	97	2
3682	10239	97	6
3683	10240	97	2
3684	10240	97	3
3685	10241	97	2
3686	10241	97	1
3687	10242	97	1
3688	10242	97	4
3689	10243	97	6
3690	10243	97	2
3691	10244	97	5
3692	10244	97	2
3693	10245	97	1
3694	10245	97	5
3695	10246	97	6
3696	10246	97	4
3697	10247	106	3
3698	10247	106	6
3699	10248	106	6
3700	10248	106	2
3701	10249	106	2
3702	10249	106	2
3703	10250	106	3
3704	10250	106	3
3705	10251	106	2
3706	10251	106	1
3707	10252	106	3
3708	10252	106	2
3709	10253	106	2
3710	10253	106	5
3711	10254	106	4
3712	10254	106	4
3713	10255	106	5
3714	10255	106	2
3715	10256	106	4
3716	10256	106	4
3717	10257	106	1
3718	10257	106	1
3719	10258	106	3
3720	10258	106	4
3721	10259	106	3
3722	10259	106	2
3723	10260	106	2
3724	10260	106	2
3725	10261	106	4
3726	10261	106	3
3727	10262	106	5
3728	10262	106	4
3729	10263	106	3
3730	10263	106	4
3731	10264	106	1
3732	10264	106	5
3733	10265	106	4
3734	10265	106	2
3735	10266	106	4
3736	10266	106	1
3737	10267	106	1
3738	10267	106	5
3739	10001	8	6
3740	10001	8	6
3741	10002	8	4
3742	10002	8	6
3743	10003	8	1
3744	10003	8	3
3745	10004	8	1
3746	10004	8	3
3747	10005	8	4
3748	10005	8	4
3749	10006	8	6
3750	10006	8	3
3751	10007	8	2
3752	10007	8	1
3753	10008	8	3
3754	10008	8	4
3755	10009	8	3
3756	10009	8	4
3757	10010	8	6
3758	10010	8	2
3759	10011	8	5
3760	10011	8	2
3761	10012	8	4
3762	10012	8	5
3763	10013	8	2
3764	10013	8	2
3765	10014	8	1
3766	10014	8	5
3767	10015	8	2
3768	10015	8	3
3769	10016	8	3
3770	10016	8	3
3771	10017	8	6
3772	10017	8	1
3773	10018	8	1
3774	10018	8	6
3775	10019	8	5
3776	10019	8	6
3777	10020	8	5
3778	10020	8	3
3779	10021	8	1
3780	10021	8	5
3781	10022	8	1
3782	10022	8	5
3783	10023	8	3
3784	10023	8	3
3785	10024	17	2
3786	10024	17	2
3787	10025	17	5
3788	10025	17	5
3789	10026	17	3
3790	10026	17	1
3791	10027	17	2
3792	10027	17	3
3793	10028	17	4
3794	10028	17	3
3795	10029	17	5
3796	10029	17	5
3797	10030	17	2
3798	10030	17	2
3799	10031	17	3
3800	10031	17	1
3801	10032	17	5
3802	10032	17	6
3803	10033	17	1
3804	10033	17	4
3805	10034	17	3
3806	10034	17	1
3807	10035	17	2
3808	10035	17	2
3809	10036	17	1
3810	10036	17	2
3811	10037	17	3
3812	10037	17	5
3813	10038	17	6
3814	10038	17	5
3815	10039	17	5
3816	10039	17	2
3817	10040	17	4
3818	10040	17	1
3819	10041	17	6
3820	10041	17	5
3821	10042	17	4
3822	10042	17	2
3823	10043	17	5
3824	10043	17	3
3825	10044	17	1
3826	10044	17	3
3827	10045	17	3
3828	10045	17	5
3829	10046	26	3
3830	10046	26	3
3831	10047	26	5
3832	10047	26	6
3833	10048	26	4
3834	10048	26	1
3835	10049	26	4
3836	10049	26	1
3837	10050	26	5
3838	10050	26	6
3839	10051	26	3
3840	10051	26	1
3841	10052	26	5
3842	10052	26	2
3843	10053	26	6
3844	10053	26	1
3845	10054	26	6
3846	10054	26	4
3847	10055	26	5
3848	10055	26	6
3849	10056	26	5
3850	10056	26	5
3851	10057	26	1
3852	10057	26	5
3853	10058	26	4
3854	10058	26	4
3855	10059	26	6
3856	10059	26	2
3857	10060	26	1
3858	10060	26	2
3859	10061	26	5
3860	10061	26	2
3861	10062	26	5
3862	10062	26	2
3863	10063	26	1
3864	10063	26	5
3865	10064	26	5
3866	10064	26	2
3867	10065	26	2
3868	10065	26	1
3869	10066	26	4
3870	10066	26	2
3871	10067	26	1
3872	10067	26	6
3873	10068	35	5
3874	10068	35	4
3875	10069	35	2
3876	10069	35	4
3877	10070	35	4
3878	10070	35	6
3879	10071	35	5
3880	10071	35	5
3881	10072	35	2
3882	10072	35	2
3883	10073	35	3
3884	10073	35	3
3885	10074	35	4
3886	10074	35	6
3887	10075	35	5
3888	10075	35	6
3889	10076	35	1
3890	10076	35	5
3891	10077	35	6
3892	10077	35	1
3893	10078	35	5
3894	10078	35	1
3895	10079	35	6
3896	10079	35	4
3897	10080	35	2
3898	10080	35	5
3899	10081	35	1
3900	10081	35	5
3901	10082	35	3
3902	10082	35	4
3903	10083	35	3
3904	10083	35	6
3905	10084	35	6
3906	10084	35	2
3907	10085	35	4
3908	10085	35	4
3909	10086	35	6
3910	10086	35	2
3911	10087	35	1
3912	10087	35	2
3913	10088	35	4
3914	10088	35	1
3915	10089	35	4
3916	10089	35	4
3917	10090	35	3
3918	10090	35	3
3919	10091	44	1
3920	10091	44	6
3921	10092	44	5
3922	10092	44	5
3923	10093	44	3
3924	10093	44	3
3925	10094	44	6
3926	10094	44	5
3927	10095	44	4
3928	10095	44	5
3929	10096	44	5
3930	10096	44	3
3931	10097	44	6
3932	10097	44	2
3933	10098	44	5
3934	10098	44	3
3935	10099	44	6
3936	10099	44	6
3937	10100	44	4
3938	10100	44	2
3939	10101	44	6
3940	10101	44	5
3941	10102	44	3
3942	10102	44	1
3943	10103	44	6
3944	10103	44	3
3945	10104	44	6
3946	10104	44	4
3947	10105	44	5
3948	10105	44	2
3949	10106	44	3
3950	10106	44	5
3951	10107	44	5
3952	10107	44	1
3953	10108	44	2
3954	10108	44	5
3955	10109	44	3
3956	10109	44	5
3957	10110	44	6
3958	10110	44	5
3959	10111	44	3
3960	10111	44	1
3961	10112	44	4
3962	10112	44	3
3963	10113	44	1
3964	10113	44	3
3965	10114	44	2
3966	10114	44	6
3967	10115	53	4
3968	10115	53	5
3969	10116	53	3
3970	10116	53	6
3971	10117	53	4
3972	10117	53	2
3973	10118	53	2
3974	10118	53	6
3975	10119	53	4
3976	10119	53	4
3977	10120	53	5
3978	10120	53	6
3979	10121	53	5
3980	10121	53	3
3981	10122	53	6
3982	10122	53	2
3983	10123	53	1
3984	10123	53	4
3985	10124	53	1
3986	10124	53	6
3987	10125	53	4
3988	10125	53	6
3989	10126	53	4
3990	10126	53	1
3991	10127	53	2
3992	10127	53	4
3993	10128	53	6
3994	10128	53	6
3995	10129	53	2
3996	10129	53	4
3997	10130	53	5
3998	10130	53	2
3999	10131	53	6
4000	10131	53	1
4001	10132	62	4
4002	10132	62	5
4003	10133	62	4
4004	10133	62	6
4005	10134	62	4
4006	10134	62	4
4007	10135	62	1
4008	10135	62	6
4009	10136	62	2
4010	10136	62	1
4011	10137	62	5
4012	10137	62	5
4013	10138	62	1
4014	10138	62	1
4015	10139	62	6
4016	10139	62	1
4017	10140	62	6
4018	10140	62	5
4019	10141	62	4
4020	10141	62	1
4021	10142	62	3
4022	10142	62	3
4023	10143	62	3
4024	10143	62	6
4025	10144	62	1
4026	10144	62	4
4027	10145	62	4
4028	10145	62	4
4029	10146	62	3
4030	10146	62	5
4031	10147	62	6
4032	10147	62	3
4033	10148	62	6
4034	10148	62	1
4035	10149	62	1
4036	10149	62	1
4037	10150	62	5
4038	10150	62	2
4039	10151	62	1
4040	10151	62	6
4041	10152	62	5
4042	10152	62	1
4043	10153	62	2
4044	10153	62	4
4045	10154	62	1
4046	10154	62	2
4047	10155	62	6
4048	10155	62	5
4049	10156	62	5
4050	10156	62	6
4051	10157	71	3
4052	10157	71	4
4053	10158	71	1
4054	10158	71	4
4055	10159	71	2
4056	10159	71	2
4057	10160	71	6
4058	10160	71	6
4059	10161	71	4
4060	10161	71	2
4061	10162	71	2
4062	10162	71	6
4063	10163	71	2
4064	10163	71	1
4065	10164	71	1
4066	10164	71	1
4067	10165	71	6
4068	10165	71	2
4069	10166	71	2
4070	10166	71	4
4071	10167	71	5
4072	10167	71	6
4073	10168	71	6
4074	10168	71	2
4075	10169	71	3
4076	10169	71	1
4077	10170	71	3
4078	10170	71	1
4079	10171	71	5
4080	10171	71	2
4081	10172	71	6
4082	10172	71	5
4083	10173	71	1
4084	10173	71	2
4085	10174	71	6
4086	10174	71	2
4087	10175	71	5
4088	10175	71	5
4089	10176	71	5
4090	10176	71	4
4091	10177	71	4
4092	10177	71	4
4093	10178	71	6
4094	10178	71	6
4095	10179	80	1
4096	10179	80	2
4097	10180	80	4
4098	10180	80	2
4099	10181	80	1
4100	10181	80	3
4101	10182	80	6
4102	10182	80	2
4103	10183	80	2
4104	10183	80	6
4105	10184	80	5
4106	10184	80	4
4107	10185	80	4
4108	10185	80	6
4109	10186	80	2
4110	10186	80	5
4111	10187	80	3
4112	10187	80	4
4113	10188	80	3
4114	10188	80	2
4115	10189	80	3
4116	10189	80	1
4117	10190	80	3
4118	10190	80	3
4119	10191	80	5
4120	10191	80	6
4121	10192	80	1
4122	10192	80	5
4123	10193	80	1
4124	10193	80	1
4125	10194	80	4
4126	10194	80	3
4127	10195	80	1
4128	10195	80	1
4129	10196	80	5
4130	10196	80	5
4131	10197	80	4
4132	10197	80	1
4133	10198	80	5
4134	10198	80	3
4135	10199	80	5
4136	10199	80	5
4137	10200	89	6
4138	10200	89	3
4139	10201	89	6
4140	10201	89	3
4141	10202	89	3
4142	10202	89	4
4143	10203	89	5
4144	10203	89	4
4145	10204	89	5
4146	10204	89	2
4147	10205	89	2
4148	10205	89	2
4149	10206	89	5
4150	10206	89	3
4151	10207	89	2
4152	10207	89	3
4153	10208	89	3
4154	10208	89	6
4155	10209	89	5
4156	10209	89	5
4157	10210	89	5
4158	10210	89	6
4159	10211	89	1
4160	10211	89	2
4161	10212	89	5
4162	10212	89	1
4163	10213	89	3
4164	10213	89	3
4165	10214	89	3
4166	10214	89	5
4167	10215	89	2
4168	10215	89	6
4169	10216	89	2
4170	10216	89	1
4171	10217	89	2
4172	10217	89	4
4173	10218	89	1
4174	10218	89	6
4175	10219	89	5
4176	10219	89	1
4177	10220	89	1
4178	10220	89	1
4179	10221	89	5
4180	10221	89	2
4181	10222	89	2
4182	10222	89	3
4183	10223	89	2
4184	10223	89	4
4185	10224	98	3
4186	10224	98	4
4187	10225	98	1
4188	10225	98	5
4189	10226	98	3
4190	10226	98	2
4191	10227	98	6
4192	10227	98	5
4193	10228	98	4
4194	10228	98	5
4195	10229	98	2
4196	10229	98	4
4197	10230	98	4
4198	10230	98	4
4199	10231	98	4
4200	10231	98	5
4201	10232	98	4
4202	10232	98	3
4203	10233	98	4
4204	10233	98	2
4205	10234	98	4
4206	10234	98	6
4207	10235	98	3
4208	10235	98	1
4209	10236	98	4
4210	10236	98	1
4211	10237	98	2
4212	10237	98	2
4213	10238	98	6
4214	10238	98	6
4215	10239	98	6
4216	10239	98	3
4217	10240	98	2
4218	10240	98	1
4219	10241	98	4
4220	10241	98	2
4221	10242	98	1
4222	10242	98	6
4223	10243	98	1
4224	10243	98	6
4225	10244	98	1
4226	10244	98	6
4227	10245	98	5
4228	10245	98	5
4229	10246	98	1
4230	10246	98	3
4231	10247	107	5
4232	10247	107	5
4233	10248	107	3
4234	10248	107	5
4235	10249	107	4
4236	10249	107	2
4237	10250	107	1
4238	10250	107	5
4239	10251	107	6
4240	10251	107	5
4241	10252	107	5
4242	10252	107	5
4243	10253	107	3
4244	10253	107	3
4245	10254	107	3
4246	10254	107	3
4247	10255	107	6
4248	10255	107	6
4249	10256	107	6
4250	10256	107	4
4251	10257	107	1
4252	10257	107	5
4253	10258	107	1
4254	10258	107	2
4255	10259	107	4
4256	10259	107	1
4257	10260	107	3
4258	10260	107	2
4259	10261	107	2
4260	10261	107	2
4261	10262	107	5
4262	10262	107	2
4263	10263	107	1
4264	10263	107	2
4265	10264	107	1
4266	10264	107	6
4267	10265	107	1
4268	10265	107	1
4269	10266	107	6
4270	10266	107	5
4271	10267	107	2
4272	10267	107	5
4273	10001	9	4
4274	10001	9	1
4275	10002	9	5
4276	10002	9	4
4277	10003	9	2
4278	10003	9	5
4279	10004	9	3
4280	10004	9	5
4281	10005	9	4
4282	10005	9	4
4283	10006	9	6
4284	10006	9	3
4285	10007	9	1
4286	10007	9	3
4287	10008	9	3
4288	10008	9	4
4289	10009	9	1
4290	10009	9	4
4291	10010	9	2
4292	10010	9	5
4293	10011	9	1
4294	10011	9	5
4295	10012	9	1
4296	10012	9	1
4297	10013	9	3
4298	10013	9	2
4299	10014	9	3
4300	10014	9	1
4301	10015	9	1
4302	10015	9	4
4303	10016	9	6
4304	10016	9	4
4305	10017	9	1
4306	10017	9	5
4307	10018	9	2
4308	10018	9	5
4309	10019	9	1
4310	10019	9	6
4311	10020	9	1
4312	10020	9	2
4313	10021	9	1
4314	10021	9	3
4315	10022	9	5
4316	10022	9	6
4317	10023	9	3
4318	10023	9	3
4319	10024	18	5
4320	10024	18	6
4321	10025	18	3
4322	10025	18	3
4323	10026	18	3
4324	10026	18	2
4325	10027	18	2
4326	10027	18	3
4327	10028	18	4
4328	10028	18	4
4329	10029	18	6
4330	10029	18	6
4331	10030	18	5
4332	10030	18	4
4333	10031	18	5
4334	10031	18	3
4335	10032	18	6
4336	10032	18	6
4337	10033	18	3
4338	10033	18	1
4339	10034	18	2
4340	10034	18	3
4341	10035	18	3
4342	10035	18	6
4343	10036	18	3
4344	10036	18	2
4345	10037	18	3
4346	10037	18	2
4347	10038	18	2
4348	10038	18	1
4349	10039	18	2
4350	10039	18	3
4351	10040	18	2
4352	10040	18	3
4353	10041	18	4
4354	10041	18	1
4355	10042	18	2
4356	10042	18	1
4357	10043	18	4
4358	10043	18	1
4359	10044	18	4
4360	10044	18	4
4361	10045	18	6
4362	10045	18	4
4363	10046	27	1
4364	10046	27	3
4365	10047	27	1
4366	10047	27	2
4367	10048	27	5
4368	10048	27	2
4369	10049	27	3
4370	10049	27	5
4371	10050	27	3
4372	10050	27	6
4373	10051	27	5
4374	10051	27	4
4375	10052	27	1
4376	10052	27	5
4377	10053	27	5
4378	10053	27	5
4379	10054	27	1
4380	10054	27	6
4381	10055	27	5
4382	10055	27	4
4383	10056	27	5
4384	10056	27	2
4385	10057	27	4
4386	10057	27	3
4387	10058	27	2
4388	10058	27	1
4389	10059	27	3
4390	10059	27	4
4391	10060	27	4
4392	10060	27	6
4393	10061	27	2
4394	10061	27	2
4395	10062	27	5
4396	10062	27	6
4397	10063	27	2
4398	10063	27	3
4399	10064	27	3
4400	10064	27	5
4401	10065	27	4
4402	10065	27	1
4403	10066	27	2
4404	10066	27	3
4405	10067	27	6
4406	10067	27	1
4407	10068	36	1
4408	10068	36	6
4409	10069	36	5
4410	10069	36	2
4411	10070	36	5
4412	10070	36	5
4413	10071	36	2
4414	10071	36	1
4415	10072	36	3
4416	10072	36	3
4417	10073	36	5
4418	10073	36	5
4419	10074	36	6
4420	10074	36	2
4421	10075	36	2
4422	10075	36	5
4423	10076	36	6
4424	10076	36	2
4425	10077	36	1
4426	10077	36	6
4427	10078	36	5
4428	10078	36	3
4429	10079	36	3
4430	10079	36	4
4431	10080	36	3
4432	10080	36	6
4433	10081	36	5
4434	10081	36	2
4435	10082	36	4
4436	10082	36	1
4437	10083	36	2
4438	10083	36	4
4439	10084	36	2
4440	10084	36	2
4441	10085	36	1
4442	10085	36	4
4443	10086	36	5
4444	10086	36	4
4445	10087	36	1
4446	10087	36	3
4447	10088	36	1
4448	10088	36	5
4449	10089	36	4
4450	10089	36	4
4451	10090	36	1
4452	10090	36	1
4453	10091	45	5
4454	10091	45	3
4455	10092	45	3
4456	10092	45	1
4457	10093	45	2
4458	10093	45	1
4459	10094	45	6
4460	10094	45	4
4461	10095	45	3
4462	10095	45	2
4463	10096	45	4
4464	10096	45	4
4465	10097	45	3
4466	10097	45	6
4467	10098	45	2
4468	10098	45	2
4469	10099	45	1
4470	10099	45	2
4471	10100	45	3
4472	10100	45	6
4473	10101	45	6
4474	10101	45	4
4475	10102	45	6
4476	10102	45	1
4477	10103	45	3
4478	10103	45	4
4479	10104	45	6
4480	10104	45	5
4481	10105	45	4
4482	10105	45	1
4483	10106	45	5
4484	10106	45	1
4485	10107	45	2
4486	10107	45	1
4487	10108	45	2
4488	10108	45	5
4489	10109	45	2
4490	10109	45	2
4491	10110	45	3
4492	10110	45	3
4493	10111	45	4
4494	10111	45	5
4495	10112	45	1
4496	10112	45	2
4497	10113	45	2
4498	10113	45	4
4499	10114	45	2
4500	10114	45	4
4501	10115	54	3
4502	10115	54	5
4503	10116	54	6
4504	10116	54	2
4505	10117	54	4
4506	10117	54	1
4507	10118	54	4
4508	10118	54	1
4509	10119	54	4
4510	10119	54	6
4511	10120	54	2
4512	10120	54	6
4513	10121	54	3
4514	10121	54	5
4515	10122	54	5
4516	10122	54	2
4517	10123	54	1
4518	10123	54	6
4519	10124	54	4
4520	10124	54	2
4521	10125	54	1
4522	10125	54	4
4523	10126	54	6
4524	10126	54	4
4525	10127	54	6
4526	10127	54	5
4527	10128	54	1
4528	10128	54	3
4529	10129	54	3
4530	10129	54	6
4531	10130	54	4
4532	10130	54	3
4533	10131	54	3
4534	10131	54	2
4535	10132	63	3
4536	10132	63	5
4537	10133	63	5
4538	10133	63	2
4539	10134	63	1
4540	10134	63	4
4541	10135	63	4
4542	10135	63	5
4543	10136	63	6
4544	10136	63	6
4545	10137	63	4
4546	10137	63	6
4547	10138	63	3
4548	10138	63	1
4549	10139	63	6
4550	10139	63	3
4551	10140	63	5
4552	10140	63	4
4553	10141	63	3
4554	10141	63	1
4555	10142	63	1
4556	10142	63	2
4557	10143	63	5
4558	10143	63	5
4559	10144	63	5
4560	10144	63	3
4561	10145	63	2
4562	10145	63	4
4563	10146	63	6
4564	10146	63	5
4565	10147	63	5
4566	10147	63	1
4567	10148	63	2
4568	10148	63	6
4569	10149	63	1
4570	10149	63	4
4571	10150	63	3
4572	10150	63	3
4573	10151	63	3
4574	10151	63	6
4575	10152	63	6
4576	10152	63	4
4577	10153	63	4
4578	10153	63	6
4579	10154	63	5
4580	10154	63	3
4581	10155	63	5
4582	10155	63	5
4583	10156	63	5
4584	10156	63	1
4585	10157	72	4
4586	10157	72	2
4587	10158	72	5
4588	10158	72	3
4589	10159	72	2
4590	10159	72	4
4591	10160	72	2
4592	10160	72	5
4593	10161	72	2
4594	10161	72	4
4595	10162	72	6
4596	10162	72	5
4597	10163	72	1
4598	10163	72	2
4599	10164	72	1
4600	10164	72	2
4601	10165	72	4
4602	10165	72	4
4603	10166	72	4
4604	10166	72	3
4605	10167	72	2
4606	10167	72	6
4607	10168	72	5
4608	10168	72	4
4609	10169	72	1
4610	10169	72	1
4611	10170	72	5
4612	10170	72	6
4613	10171	72	1
4614	10171	72	5
4615	10172	72	1
4616	10172	72	5
4617	10173	72	1
4618	10173	72	1
4619	10174	72	6
4620	10174	72	1
4621	10175	72	1
4622	10175	72	4
4623	10176	72	1
4624	10176	72	2
4625	10177	72	1
4626	10177	72	6
4627	10178	72	3
4628	10178	72	4
4629	10179	81	4
4630	10179	81	4
4631	10180	81	5
4632	10180	81	1
4633	10181	81	6
4634	10181	81	3
4635	10182	81	1
4636	10182	81	4
4637	10183	81	6
4638	10183	81	1
4639	10184	81	3
4640	10184	81	2
4641	10185	81	4
4642	10185	81	4
4643	10186	81	1
4644	10186	81	5
4645	10187	81	1
4646	10187	81	1
4647	10188	81	3
4648	10188	81	4
4649	10189	81	6
4650	10189	81	4
4651	10190	81	6
4652	10190	81	6
4653	10191	81	2
4654	10191	81	2
4655	10192	81	3
4656	10192	81	3
4657	10193	81	5
4658	10193	81	3
4659	10194	81	4
4660	10194	81	6
4661	10195	81	2
4662	10195	81	2
4663	10196	81	4
4664	10196	81	5
4665	10197	81	5
4666	10197	81	1
4667	10198	81	1
4668	10198	81	3
4669	10199	81	6
4670	10199	81	6
4671	10200	90	4
4672	10200	90	4
4673	10201	90	4
4674	10201	90	1
4675	10202	90	4
4676	10202	90	1
4677	10203	90	4
4678	10203	90	6
4679	10204	90	1
4680	10204	90	6
4681	10205	90	4
4682	10205	90	2
4683	10206	90	1
4684	10206	90	1
4685	10207	90	2
4686	10207	90	4
4687	10208	90	1
4688	10208	90	5
4689	10209	90	6
4690	10209	90	2
4691	10210	90	1
4692	10210	90	2
4693	10211	90	2
4694	10211	90	6
4695	10212	90	6
4696	10212	90	3
4697	10213	90	4
4698	10213	90	6
4699	10214	90	3
4700	10214	90	4
4701	10215	90	1
4702	10215	90	5
4703	10216	90	3
4704	10216	90	2
4705	10217	90	3
4706	10217	90	1
4707	10218	90	1
4708	10218	90	1
4709	10219	90	1
4710	10219	90	3
4711	10220	90	5
4712	10220	90	6
4713	10221	90	5
4714	10221	90	6
4715	10222	90	1
4716	10222	90	5
4717	10223	90	5
4718	10223	90	5
4719	10224	99	2
4720	10224	99	4
4721	10225	99	2
4722	10225	99	5
4723	10226	99	2
4724	10226	99	4
4725	10227	99	3
4726	10227	99	2
4727	10228	99	4
4728	10228	99	6
4729	10229	99	6
4730	10229	99	3
4731	10230	99	1
4732	10230	99	1
4733	10231	99	1
4734	10231	99	6
4735	10232	99	1
4736	10232	99	6
4737	10233	99	3
4738	10233	99	6
4739	10234	99	5
4740	10234	99	5
4741	10235	99	4
4742	10235	99	5
4743	10236	99	3
4744	10236	99	3
4745	10237	99	4
4746	10237	99	3
4747	10238	99	4
4748	10238	99	1
4749	10239	99	1
4750	10239	99	6
4751	10240	99	1
4752	10240	99	1
4753	10241	99	4
4754	10241	99	4
4755	10242	99	2
4756	10242	99	4
4757	10243	99	4
4758	10243	99	4
4759	10244	99	4
4760	10244	99	5
4761	10245	99	4
4762	10245	99	4
4763	10246	99	6
4764	10246	99	2
4765	10247	108	3
4766	10247	108	2
4767	10248	108	4
4768	10248	108	6
4769	10249	108	6
4770	10249	108	5
4771	10250	108	4
4772	10250	108	1
4773	10251	108	5
4774	10251	108	3
4775	10252	108	3
4776	10252	108	5
4777	10253	108	3
4778	10253	108	1
4779	10254	108	6
4780	10254	108	1
4781	10255	108	1
4782	10255	108	5
4783	10256	108	3
4784	10256	108	6
4785	10257	108	5
4786	10257	108	6
4787	10258	108	2
4788	10258	108	6
4789	10259	108	5
4790	10259	108	2
4791	10260	108	2
4792	10260	108	3
4793	10261	108	2
4794	10261	108	1
4795	10262	108	4
4796	10262	108	4
4797	10263	108	3
4798	10263	108	5
4799	10264	108	6
4800	10264	108	3
4801	10265	108	2
4802	10265	108	3
4803	10266	108	3
4804	10266	108	3
4805	10267	108	2
4806	10267	108	2
\.


--
-- Data for Name: Parent; Type: TABLE DATA; Schema: public; Owner: postgres
--

COPY public."Parent" (parent_id, student_id, login, password, first_name, surname) FROM stdin;
10001	10001	p10001	p10001	Urszula	Szymaska
10002	10002	p10002	p10002	Walentyna	Sosnowska
10003	10003	p10003	p10003	Henryk	Gowacki
10004	10004	p10004	p10004	Eugeniusz	Szczepaski
10005	10005	p10005	p10005	Luiza	Majewska
10006	10006	p10006	p10006	Ariel	Zalewski
10007	10007	p10007	p10007	Dominik	Wjtowicz
10008	10008	p10008	p10008	Romana	Jakubowska
10009	10009	p10009	p10009	Wiktor	Szymczak
10010	10010	p10010	p10010	Agnieszka	Szewczyk
10011	10011	p10011	p10011	Wadysaw	Wojciechowski
10012	10012	p10012	p10012	Alfred	Kubiak
10013	10013	p10013	p10013	Borys	Piotrowski
10014	10014	p10014	p10014	Izabella	Klimek
10015	10015	p10015	p10015	Ignacy	Szewczyk
10016	10016	p10016	p10016	Bogusawa	Urbaniak
10017	10017	p10017	p10017	Sara	Markiewicz
10018	10018	p10018	p10018	Urszula	Mazurkiewicz
10019	10019	p10019	p10019	Brygida	Dobrowolska
10020	10020	p10020	p10020	Bolesawa	Romanowska
10021	10021	p10021	p10021	Alicja	Kania
10022	10022	p10022	p10022	Marek	Wawrzyniak
10023	10023	p10023	p10023	Damian	Wesoowski
10024	10024	p10024	p10024	Maciej	Mikoajczyk
10025	10025	p10025	p10025	Magda	Michalska
10026	10026	p10026	p10026	Anna	Laskowska
10027	10027	p10027	p10027	Pawe	Kope
10028	10028	p10028	p10028	Grayna	Nowakowska
10029	10029	p10029	p10029	Dariusz	Lewandowski
10030	10030	p10030	p10030	Anna	Jaboska
10031	10031	p10031	p10031	Grzegorz	Brzeziski
10032	10032	p10032	p10032	Anna	Rutkowska
10033	10033	p10033	p10033	Klaudiusz	Kaczmarek
10034	10034	p10034	p10034	Patryk	Stankiewicz
10035	10035	p10035	p10035	Wodzimierz	Makowski
10036	10036	p10036	p10036	Ra	Karpiska
10037	10037	p10037	p10037	Aneta	Grzelak
10038	10038	p10038	p10038	Anna	Markiewicz
10039	10039	p10039	p10039	aneta	Tomczak
10040	10040	p10040	p10040	Aleksander	Gajewski
10041	10041	p10041	p10041	Monika	Kozio
10042	10042	p10042	p10042	Joanna	Pietrzak
10043	10043	p10043	p10043	Antoni	Leszczyski
10044	10044	p10044	p10044	Michael	Borkowski
10045	10045	p10045	p10045	Ewelina	Kaczmarek
10046	10046	p10046	p10046	Cecylia	Witkowska
10047	10047	p10047	p10047	Gabriel	Tomczak
10048	10048	p10048	p10048	Sebastian	Duda
10049	10049	p10049	p10049	Henryk	Piotrowski
10050	10050	p10050	p10050	Janina	Janicka
10051	10051	p10051	p10051	Nikola	Karpiska
10052	10052	p10052	p10052	Czesaw	Nowakowski
10053	10053	p10053	p10053	Mieczysaw	Kowalik
10054	10054	p10054	p10054	Sebastian	Polak
10055	10055	p10055	p10055	Adrian	Szczepaski
10056	10056	p10056	p10056	Agnieszka	Szewczyk
10057	10057	p10057	p10057	Ra	Maj
10058	10058	p10058	p10058	Kornel	Duda
10059	10059	p10059	p10059	Julian	Kucharski
10060	10060	p10060	p10060	Marzena	Kruk
10061	10061	p10061	p10061	Marek	Sokoowski
10062	10062	p10062	p10062	Sandra	Sobczak
10063	10063	p10063	p10063	Anna	Wierzbicka
10064	10064	p10064	p10064	Bruno	Krawczyk
10065	10065	p10065	p10065	Kazimierz	Tomaszewski
10066	10066	p10066	p10066	Anna	Ciesielska
10067	10067	p10067	p10067	Albert	Nowak
10068	10068	p10068	p10068	Leon	Walczak
10069	10069	p10069	p10069	Damian	Orzechowski
10070	10070	p10070	p10070	Teodora	Kosiska
10071	10071	p10071	p10071	Karol	Wasilewski
10072	10072	p10072	p10072	Stanisaw	Koodziej
10073	10073	p10073	p10073	Ginter	Maj
10074	10074	p10074	p10074	Elwira	Maj
10075	10075	p10075	p10075	Feliksa	Laskowska
10076	10076	p10076	p10076	aneta	Bednarska
10077	10077	p10077	p10077	Tadeusz	Kozowski
10078	10078	p10078	p10078	Olivier	Orowski
10079	10079	p10079	p10079	Nadia	Sikorska
10080	10080	p10080	p10080	Albert	uczak
10081	10081	p10081	p10081	Maciej	Kubiak
10082	10082	p10082	p10082	Izabela	Czerwiska
10083	10083	p10083	p10083	Dariusz	Lipiski
10084	10084	p10084	p10084	Dariusz	Jastrzbski
10085	10085	p10085	p10085	Agata	Piasecka
10086	10086	p10086	p10086	Cyprian	Sowa
10087	10087	p10087	p10087	Julianna	Wysocka
10088	10088	p10088	p10088	Filip	Cielak
10089	10089	p10089	p10089	Eliza	Kwiatkowska
10090	10090	p10090	p10090	Tobiasz	Bednarczyk
10091	10091	p10091	p10091	Filip	Pawlak
10092	10092	p10092	p10092	Michalina	Piotrowska
10093	10093	p10093	p10093	Bohdan	Lewandowski
10094	10094	p10094	p10094	Bohdan	Jakubowski
10095	10095	p10095	p10095	Hanna	Nowak
10096	10096	p10096	p10096	Marlena	Wierzbicka
10097	10097	p10097	p10097	Mieczysaw	Ostrowski
10098	10098	p10098	p10098	Aleksander	Pawlak
10099	10099	p10099	p10099	Janina	Jasiska
10100	10100	p10100	p10100	Anna	Szczepaski
10101	10101	p10101	p10101	Ireneusz	Jaboski
10102	10102	p10102	p10102	Ksawery	Nowacki
10103	10103	p10103	p10103	Wiesaw	Sobczak
10104	10104	p10104	p10104	Baej	Zikowski
10105	10105	p10105	p10105	Leon	Dziedzic
10106	10106	p10106	p10106	Agnieszka	Wodarczyk
10107	10107	p10107	p10107	Felicja	Mrz
10108	10108	p10108	p10108	Kajetan	Jaworski
10109	10109	p10109	p10109	Milena	Mazurkiewicz
10110	10110	p10110	p10110	Artur	Wolski
10111	10111	p10111	p10111	Jowita	Orzechowska
10112	10112	p10112	p10112	Emil	Wesoowski
10113	10113	p10113	p10113	Renata	Kaczmarek
10114	10114	p10114	p10114	Lucyna	Kowal
10115	10115	p10115	p10115	Ra	Matuszewska
10116	10116	p10116	p10116	Florian	Sosnowski
10117	10117	p10117	p10117	Agata	Wysocka
10118	10118	p10118	p10118	Anna	Lis
10119	10119	p10119	p10119	Filip	Stpie
10120	10120	p10120	p10120	Ilona	Wrona
10121	10121	p10121	p10121	Czesaw	Kalinowski
10122	10122	p10122	p10122	Janina	Wrblewska
10123	10123	p10123	p10123	Filip	Stefaski
10124	10124	p10124	p10124	Brygida	Zajc
10125	10125	p10125	p10125	Wodzimierz	Kasprzak
10126	10126	p10126	p10126	Gustaw	liwiski
10127	10127	p10127	p10127	Agata	Duda
10128	10128	p10128	p10128	Anita	Wrbel
10129	10129	p10129	p10129	Nela	Koodziejczyk
10130	10130	p10130	p10130	Edyta	Nawrocka
10131	10131	p10131	p10131	Szczepan	Majchrzak
10132	10132	p10132	p10132	Wadysawa	Kania
10133	10133	p10133	p10133	Waldemar	Wrblewski
10134	10134	p10134	p10134	Wilhelm	Markiewicz
10135	10135	p10135	p10135	Wioleta	Dziedzic
10136	10136	p10136	p10136	Pawe	Grecki
10137	10137	p10137	p10137	Amelia	Kowalczyk
10138	10138	p10138	p10138	Julia	Wolska
10139	10139	p10139	p10139	Lesaw	Kope
10140	10140	p10140	p10140	Jowita	Przybylska
10141	10141	p10141	p10141	Renata	Gajewska
10142	10142	p10142	p10142	Mariusz	Wilk
10143	10143	p10143	p10143	Bronisaw	Ciesielski
10144	10144	p10144	p10144	Aneta	Kubiak
10145	10145	p10145	p10145	Lena	Nowacka
10146	10146	p10146	p10146	Irena	Majchrzak
10147	10147	p10147	p10147	Krystian	Pitek
10148	10148	p10148	p10148	Julita	Mazur
10149	10149	p10149	p10149	Kornel	Borowski
10150	10150	p10150	p10150	Patrycja	Koodziej
10151	10151	p10151	p10151	Julianna	Leszczyska
10152	10152	p10152	p10152	Filip	Kowalewski
10153	10153	p10153	p10153	Agata	Wrona
10154	10154	p10154	p10154	Kacper	Ostrowski
10155	10155	p10155	p10155	Anna	Rogowska
10156	10156	p10156	p10156	Karol	Kozowski
10157	10157	p10157	p10157	Bogumi	Lipiski
10158	10158	p10158	p10158	Maria	Konieczna
10159	10159	p10159	p10159	Alfons	ukasik
10160	10160	p10160	p10160	Boena	Witkowska
10161	10161	p10161	p10161	Mariusz	Nowak
10162	10162	p10162	p10162	Ginter	Polak
10163	10163	p10163	p10163	Samuel	Borkowski
10164	10164	p10164	p10164	Krystian	Matusiak
10165	10165	p10165	p10165	Ignacy	Przybylski
10166	10166	p10166	p10166	Krzysztof	Orowski
10167	10167	p10167	p10167	Ewelina	Sikorska
10168	10168	p10168	p10168	Sylwia	Szulc
10169	10169	p10169	p10169	Brunon	Kowalczyk
10170	10170	p10170	p10170	Edyta	Sroka
10171	10171	p10171	p10171	Rudolf	Mazurek
10172	10172	p10172	p10172	Baej	Janicki
10173	10173	p10173	p10173	Witold	Krupa
10174	10174	p10174	p10174	aneta	Wolska
10175	10175	p10175	p10175	Agata	Wierzbicka
10176	10176	p10176	p10176	Alicja	Zikowska
10177	10177	p10177	p10177	Karol	Wesoowski
10178	10178	p10178	p10178	Magda	Brzozowska
10179	10179	p10179	p10179	Grzegorz	Laskowski
10180	10180	p10180	p10180	Aurelia	Owczarek
10181	10181	p10181	p10181	Tomasz	Majewski
10182	10182	p10182	p10182	Boena	Szymaska
10183	10183	p10183	p10183	Agata	Gowacka
10184	10184	p10184	p10184	Ludwik	Kurek
10185	10185	p10185	p10185	Ludwika	Ziba
10186	10186	p10186	p10186	Aldona	Konieczna
10187	10187	p10187	p10187	Barbara	Sobolewska
10188	10188	p10188	p10188	Kornelia	Pietrzak
10189	10189	p10189	p10189	Zdzisaw	Musia
10190	10190	p10190	p10190	Viktor	Baszczyk
10191	10191	p10191	p10191	Michalina	Orowska
10192	10192	p10192	p10192	Amelia	Andrzejewska
10193	10193	p10193	p10193	Florian	Koodziejczyk
10194	10194	p10194	p10194	Edmund	Tomczyk
10195	10195	p10195	p10195	Maria	Borowska
10196	10196	p10196	p10196	Tymon	Bednarczyk
10197	10197	p10197	p10197	ukasz	Ostrowski
10198	10198	p10198	p10198	Zofia	Wasilewska
10199	10199	p10199	p10199	Janusz	Majchrzak
10200	10200	p10200	p10200	Leon	Orzechowski
10201	10201	p10201	p10201	Sabina	Owczarek
10202	10202	p10202	p10202	Bartosz	Piotrowski
10203	10203	p10203	p10203	Ewelina	Zakrzewska
10204	10204	p10204	p10204	Brygida	Pajk
10205	10205	p10205	p10205	Antonina	Kaczmarek
10206	10206	p10206	p10206	Oliver	Madej
10207	10207	p10207	p10207	Natan	Chmielewski
10208	10208	p10208	p10208	Martyna	Bk
10209	10209	p10209	p10209	Karina	Kwiatkowska
10210	10210	p10210	p10200	Dorota	Skowroska
10211	10211	p10211	p10211	Hildegarda	Dudek
10212	10212	p10212	p10212	Dominik	Owczarek
10213	10213	p10213	p10213	Mieczysaw	Majchrzak
10214	10214	p10214	p10214	Marian	Piotrowski
10215	10215	p10215	p10215	Emilia	Kozie
10216	10216	p10216	p10216	Agata	Milewski
10217	10217	p10217	p10217	Leonard	Brzozowska
10218	10218	p10218	p10218	Daniel	Romanowska
10219	10219	p10219	p10219	Kornelia	Jankowski
10220	10220	p10220	p10220	Aniela	Jaboski
10221	10221	p10221	p10221	Bruno	Szulc
10222	10222	p10222	p10222	Urszula	Makowska
10223	10223	p10223	p10223	Sabina	Jastrzbska
10224	10224	p10224	p10224	Micha	Kowal
10225	10225	p10225	p10225	Pawe	Witkowski
10226	10226	p10226	p10226	Celina	Wrona
10227	10227	p10227	p10227	Walentyna	Bednarczyk
10228	10228	p10228	p10228	Monika	Skowroska
10229	10229	p10229	p10229	Albert	Wrbel
10230	10230	p10230	p10230	Mykola	Wieczorek
10231	10231	p10231	p10231	Iwona	Wysocka
10232	10232	p10232	p10232	Jarosaw	Grabowski
10233	10233	p10233	p10233	Dominika	Kowalska
10234	10234	p10234	p10234	Elwira	Jastrzbska
10235	10235	p10235	p10235	Joachim	Przybylski
10236	10236	p10236	p10236	Adela	Piotrowska
10237	10237	p10237	p10237	Sylwia	Woniak
10238	10238	p10238	p10238	Pawe	Borkowski
10239	10239	p10239	p10239	Kamila	Lis
10240	10240	p10240	p10240	Malwina	Ostrowska
10241	10241	p10241	p10241	Ginter	Maecki
10242	10242	p10242	p10242	Brygida	Majewska
10243	10243	p10243	p10243	Nela	Zalewska
10244	10244	p10244	p10244	Maksymilian	Sikorski
10245	10245	p10245	p10245	Alan	Sadowski
10246	10246	p10246	p10246	Tatiana	Szulc
10247	10247	p10247	p10247	Aurelia	Wierzbicka
10248	10248	p10248	p10248	Zygfryd	Wierzbicki
10249	10249	p10249	p10249	Sylwester	Nowakowski
10250	10250	p10250	p10250	Krzysztof	Gowacki
10251	10251	p10251	p10251	Klara	Grabowska
10252	10252	p10252	p10252	Roksana	Piotrowska
10253	10253	p10253	p10253	Szczepan	Koodziejczyk
10254	10254	p10254	p10254	Ernest	Olszewski
10255	10255	p10255	p10255	Kamila	Piasecka
10256	10256	p10256	p10256	Fabian	Bednarczyk
10257	10257	p10257	p10257	Teofil	Kaczmarczyk
10258	10258	p10258	p10258	Jzefa	Kurek
10259	10259	p10259	p10259	Daria	Kozak
10260	10260	p10260	p10260	Kinga	Baszczyk
10261	10261	p10261	p10261	Anna	Czajkowska
10262	10262	p10262	p10262	Agata	Stasiak
10263	10263	p10263	p10263	Wincenty	Madej
10264	10264	p10264	p10264	Emil	Kasprzak
10265	10265	p10265	p10265	Wojciech	Krajewski
10266	10266	p10266	p10266	Zbigniew	Olszewski
10267	10267	p10267	p10267	Renata	Szulc
\.


--
-- Data for Name: Student; Type: TABLE DATA; Schema: public; Owner: postgres
--

COPY public."Student" (student_id, surname, first_name, mail, login, password, birth_date, class_id) FROM stdin;
10001	Magorzata	Szymaska	mszymanska@elearning.pl	s10001	s10001ms	2013-01-05	1
10002	Eliza	Sosnowska	esosnowska@elearning.pl	s10002	s10002es	2013-02-14	1
10003	Julian	Gowacki	jglowacki@elearning.pl	s10003	s10003jg	2013-06-01	1
10004	Tomasz	Szczepaski	tszczepanski@elearning.pl	s10004	s10004ts	2013-12-06	1
10005	Marika	Majewska	mmajewska@elearning.pl	s10005	s10005mm	2013-07-21	1
10006	Klemens	Zalewski	kzalewski@elearning.pl	s10006	s10006kz	2013-10-08	1
10007	Klaudia	Wjtowicz	kwojtowicz@elearning.pl	s10007	s10007kw	2013-09-18	1
10008	Iwona	Jakubowska	ijakubowska@elearning.pl	s10008	s10008ij	2013-02-26	1
10009	Wojciech	Szymczak	wszymczak@elearning.pl	s10009	s10009ws	2013-06-24	1
10010	Sawomir	Szewczyk	sszewczyk@elearning.pl	s10010	s10010ss	2013-11-13	1
10011	Kamil	Wojciechowski	kwojciechowski@elearning.pl	s10011	s10011kw	2013-11-05	1
10012	Oleh	Kubiak	okubiak@elearning.pl	s10012	s10012ok	2013-02-15	1
10013	Bohdan	Piotrowski	bpiotrowski@elearning.pl	s10013	s10013bp	2013-03-13	1
10014	Dominika	Klimek	dklimek@elearning.pl	s10014	s10014dk	2013-08-24	1
10015	Nikola	Szewczyk	nszewczyk@elearning.pl	s10015	s10015ns	2013-12-27	1
10016	Boena	Urbaniak	burbaniak@elearning.pl	s10016	s10016bu	2013-02-11	1
10017	Ludwika	Markiewicz	lmarkiewicz@elearning.pl	s10017	s10017lm	2013-09-02	1
10018	Nela	Mazurkiewicz	nmazurkiewicz@elearning.pl	s10018	s10018nm	2013-11-05	1
10019	Kuba	Dobrowolski	kdobrowolski@elearning.pl	s10019	s10019kd	2013-11-08	1
10020	Leon	Romanowski	lromanowski@elearning.pl	s10020	s10020lr	2013-07-04	1
10021	Karina	Kania	kkania@elearning.pl	s10021	s10021kk	2013-08-13	1
10022	Mateusz	Wawrzyniak	mwawrzyniak@elearning.pl	s10022	s10022mw	2013-01-28	1
10023	Jdrzej	Wesoowski	jwesolowski@elearning.pl	s10023	s10023jw	2013-09-21	1
10024	Gertruda	Mikoajczyk	gmikolajczyk@elearning.pl	s10024	s10024gm	2013-04-11	2
10025	Danuta	Michalska	dmichalska@elearning.pl	s10025	s10025dm	2013-06-11	2
10026	Nina	Laskowska	nlaskowska@elearning.pl	s10026	s10026nl	2013-09-05	2
10027	Jowita	Kope	jkopec@elearning.pl	s10027	s10027jk	2013-02-21	2
10028	Lucyna	Nowakowska	lnowakowska@elearning.pl	s10028	s10028ln	2013-02-18	2
10029	Igor	Lewandowski	ilewandowski@elearning.pl	s10029	s10029il	2013-01-01	2
10030	Wiktoria	Jaboska	wjablonska@elearning.pl	s10030	s10030wj	2013-11-12	2
10031	Martin	Brzeziski	mbrzezinski@elearning.pl	s10031	s10031mb	2013-03-24	2
10032	Felicja	Rutkowska	frutkowska@elearning.pl	s10032	s10032fr	2013-12-13	2
10033	Krystian	Kaczmarek	kkaczmarek@elearning.pl	s10033	s10033kk	2013-09-15	2
10034	Liliana	Stankiewicz	lstankiewicz@elearning.pl	s10034	s10034ls	2013-06-14	2
10035	Klemens	Makowski	kmakowski@elearning.pl	s10035	s10035km	2013-07-20	2
10036	Tetiana	Karpiska	tkarpinska@elearning.pl	s10036	s10036tk	2013-03-21	2
10037	Ariel	Grzelak	agrzelak@elearning.pl	s10037	s10037ag	2013-05-29	2
10038	Tymoteusz	Markiewicz	tmarkiewicz@elearning.pl	s10038	s10038tm	2013-12-22	2
10039	Magdalena	Tomczak	mtomczak@elearning.pl	s10039	s10039mt	2013-09-22	2
10040	Wodzimierz	Gajewski	wgajewski@elearning.pl	s10040	s10040wg	2013-04-12	2
10041	Bolesaw	Kozio	bkoziol@elearning.pl	s10041	s10041bk	2013-08-08	2
10042	Marceli	Pietrzak	mpietrzak@elearning.pl	s10042	s10042mp	2013-02-04	2
10043	Klaudiusz	Leszczyski	kleszczynski@elearning.pl	s10043	s10043kl	2013-08-07	2
10044	Dorian	Borkowski	dborkowski@elearning.pl	s10044	s10044db	2013-10-22	2
10045	Hubert	Kaczmarek	hkaczmarek@elearning.pl	s10045	s10045hk	2013-06-04	2
10046	Honorata	Witkowska	hwitkowska@elearning.pl	s10046	s10046hw	2012-04-11	3
10047	Kajetan	Tomczak	ktomczak@elearning.pl	s10047	s10047kt	2012-09-09	3
10048	Jagoda	Duda	jduda@elearning.pl	s10048	s10048jd	2012-05-04	3
10050	Marta	Janicka	mjanicka@elearning.pl	s10050	s10050mj	2012-09-10	3
10051	Adriana	Karpiska	akarpinska@elearning.pl	s10051	s10051ak	2012-01-01	3
10052	Gracjan	Nowakowski	gnowakowski@elearning.pl	s10052	s10052gn	2012-01-17	3
10053	Diana	Kowalik	dkowalik@elearning.pl	s10053	s10053dk	2012-03-01	3
10054	Vasyl	Polak	vpolak@elearning.pl	s10054	s10054vp	2012-02-20	3
10055	Antoni	Szczepaski	aszczepanski@elearning.pl	s10055	s10055as	2012-06-27	3
10056	Oliwier	Szewczyk	oszewczyk@elearning.pl	s10056	s10056os	2012-11-19	3
10057	Bogusawa	Maj	bmaj@elearning.pl	s10057	s10057bm	2012-05-16	3
10058	Bernadeta	Duda	bduda@elearning.pl	s10058	s10058bd	2012-04-10	3
10059	Szczepan	Kucharski	skucharski@elearning.pl	s10059	s10059sk	2012-08-22	3
10060	Wadysaw	Kruk	wkruk@elearning.pl	s10060	s10060wk	2012-09-05	3
10061	Karol	Sokoowski	ksokolowski@elearning.pl	s10061	s10061ks	2012-02-22	3
10062	Andrzej	Sobczak	asobczak@elearning.pl	s10062	s10062as	2012-10-22	3
10063	Ilona	Wierzbicka	iwierzbicka@elearning.pl	s10063	s10063iw	2012-04-19	3
10064	Aleksander	Krawczyk	akrawczyk@elearning.pl	s10064	s10064ak	2012-02-18	3
10065	Hubert	Tomaszewski	htomaszewski@elearning.pl	s10065	s10065ht	2012-01-04	3
10066	Aurelia	Ciesielska	aciesielska@elearning.pl	s10066	s10066ac	2012-05-16	3
10067	Alina	Nowak	anowak@elearning.pl	s10067	s10067an	2012-08-07	3
10068	Igor	Walczak	iwalczak@elearning.pl	s10068	s10068iw	2011-12-31	4
10069	Alex	Orzechowski	aorzechowski@elearning.pl	s10069	s10069ao	2011-11-23	4
10070	Magdalena	Kosiska	mkosinska@elearning.pl	s10070	s10070mk	2011-12-12	4
10071	Marcin	Wasilewski	mwasilewski@elearning.pl	s10071	s10071mw	2011-04-08	4
10072	Brunon	Koodziej	bkolodziej@elearning.pl	s10072	s10072bk	2011-09-29	4
10073	Krystyna	Maj	kmaj@elearning.pl	s10073	s10073km	2011-04-23	4
10074	Pawe	Maj	pmaj@elearning.pl	s10074	s10074pm	2011-04-23	4
10075	Jagoda	Laskowska	jlaskowska@elearning.pl	s10075	s10075jl	2011-02-08	4
10076	Ra	Bednarska	rbednarska@elearning.pl	s10076	s10076rb	2011-10-01	4
10077	Baej	Kozowski	bkozlowski@elearning.pl	s10077	s10077bk	2011-09-01	4
10078	Kazimierz	Orowski	korlowski@elearning.pl	s10078	s10078ko	2011-05-11	4
10079	Iwona	Sikorska	isikorska@elearning.pl	s10079	s10079is	2011-07-29	4
10080	Halina	uczak	hluczak@elearning.pl	s10080	s10080hl	2011-03-28	4
10081	Florian	Kubiak	fkubiak@elearning.pl	s10081	s10081fk	2011-11-22	4
10082	Anna	Czerwiska	aczerwinska@elearning.pl	s10082	s10082ac	2011-11-27	4
10083	Ernest	Lipiski	elipinski@elearning.pl	s10083	s10083el	2011-01-25	4
10084	Mirosaw	Jastrzbski	mjastrzebski@elearning.pl	s10084	s10084mj	2011-04-17	4
10085	Krystyna	Piasecka	kpiasecka@elearning.pl	s10085	s10085kp	2011-09-13	4
10086	Bogusawa	Sowa	bsowa@elearning.pl	s10086	s10086bs	2011-07-10	4
10087	Natasza	Wysocka	nwysocka@elearning.pl	s10087	s10087nw	2011-03-19	4
10088	Paula	Cielak	pcieslak@elearning.pl	s10088	s10088pc	2011-10-07	4
10089	Dominika	Kwiatkowska	dkwiatkowska@elearning.pl	s10089	s10089dk	2011-11-25	4
10090	Michalina	Bednarczyk	mbednarczyk@elearning.pl	s10090	s10090mb	2011-06-28	4
10091	Natasza	Pawlak	npawlak@elearning.pl	s10091	s10091np	2011-11-21	5
10092	Nina	Piotrowska	npiotrowska@elearning.pl	s10092	s10092np	2011-09-10	5
10093	Lucjan	Lewandowski	llewandowski@elearning.pl	s10093	s10093ll	2011-06-09	5
10094	Alexander	Jakubowski	ajakubowski@elearning.pl	s10094	s10094aj	2011-10-19	5
10095	Pola	Nowak	pnowak@elearning.pl	s10095	s10095pn	2011-04-03	5
10096	Katarzyna	Wierzbicka	kwierzbicka@elearning.pl	s10096	s10096kw	2011-06-10	5
10097	Patryk	Ostrowski	postrowski@elearning.pl	s10097	s10097po	2011-08-05	5
10098	Ilona	Pawlak	ipawlak@elearning.pl	s10098	s10098ip	2011-12-02	5
10099	Joanna	Jasiska	jjasinska@elearning.pl	s10099	s10099jj	2011-11-28	5
10100	Leon	Szczepaski	lszczepanski@elearning.pl	s10100	s10100ls	2011-11-12	5
10101	Sebastian	Jaboski	sjablonski@elearning.pl	s10101	s10101sj	2011-09-16	5
10102	Zygmunt	Nowacki	znowacki@elearning.pl	s10102	s10102zn	2011-02-28	5
10103	Czesawa	Sobczak	csobczak@elearning.pl	s10103	s10103cs	2011-06-28	5
10104	Adrian	Zikowski	aziolkowski@elearning.pl	s10104	s10104az	2011-01-02	5
10105	Eryk	Dziedzic	edziedzic@elearning.pl	s10105	s10105ed	2011-05-01	5
10106	Bernard	Wodarczyk	bwlodarczyk@elearning.pl	s10106	s10106bw	2011-06-21	5
10107	Dorota	Mrz	dmroz@elearning.pl	s10107	s10107dm	2011-07-02	5
10108	Roman	Jaworski	rjaworski@elearning.pl	s10108	s10108rj	2011-09-03	5
10110	Grzegorz	Wolski	gwolski@elearning.pl	s10110	s10110gw	2011-07-25	5
10111	Sandra	Orzechowska	sorzechowska@elearning.pl	s10111	s10111so	2011-02-12	5
10112	Andrzej	Wesoowski	awesolowski@elearning.pl	s10112	s10112aw	2011-03-26	5
10113	Julita	Kaczmarek	jkaczmarek@elearning.pl	s10113	s10113jk	2011-12-21	5
10114	Jagoda	Kowal	jkowal@elearning.pl	s10114	s10114jk	2011-10-17	5
10115	Lena	Matuszewska	lmatuszewska@elearning.pl	s10115	s10115jk	2010-02-06	6
10116	Kamil	Sosnowski	ksosonowski@elearning.pl	s10116	s10116jk	2010-11-15	6
10117	Daria	Wysocka	dwysocka@elearning.pl	s10117	s10117jk	2010-09-10	6
10118	Weronika	Lis	wlis@elearning.pl	s10118	s10118jk	2010-03-14	6
10119	Dawid	Stpie	dstepien@elearning.pl	s10119	s10119jk	2010-05-16	6
10120	Oskar	Wrona	owrona@elearning.pl	s10120	s10120jk	2010-10-11	6
10121	Juliusz	Kalinowski	jkalinowski@elearning.pl	s10121	s10121jk	2010-02-08	6
10122	Adrianna	Wrblewska	awroblewska@elearning.pl	s10122	s10122jk	2010-01-29	6
10123	Herbert	Stefaski	hstefanski@elearning.pl	s10123	s10123jk	2010-06-01	6
10124	Edward	Zajc	ezajac@elearning.pl	s10124	s10124jk	2010-04-06	6
10125	Oliwia	Kasprzak	okasprzak@elearning.pl	s10125	s10125jk	2010-04-29	6
10126	Bogdan	liwiski	bsliwinski@elearning.pl	s10126	s10126jk	2010-11-25	6
10127	Viktor	Duda	vduda@elearning.pl	s10127	s10127jk	2010-05-13	6
10128	Alfred	Wrbel	awrobel@elearning.pl	s10128	s10128jk	2010-03-02	6
10129	Jakub	Koodziejczyk	jkolodzejczyk@elearning.pl	s10129	s10129jk	2010-08-29	6
10130	Nicola	Nawrocka	nnawrocka@elearning.pl	s10130	s10130jk	2010-11-17	6
10131	Sylwester	Majchrzak	smajchrzak@elearning.pl	s10131	s10131jk	2010-10-15	6
10132	Arkadiusz	Kania	akania@elearning.pl	s10132	s10132ak	2009-01-01	7
10133	Leszek	Wrblewski	lwroblewski@elearning.pl	s10133	s10133lw	2009-02-27	7
10135	Teresa	Dziedzic	tdziedzic@elearning.pl	s10135	s10135td	2009-10-11	7
10136	Aleksander	Grecki	agorecki@elearning.pl	s10136	s10136ag	2009-11-12	7
10137	Oskar	Kowalczyk	okowalczyk@elearning.pl	s10137	s10137ok	2009-03-19	7
10138	Regina	Wolska	rwolska@elearning.pl	s10138	s10138rw	2009-04-30	7
10139	Leonard	Kope	lkopec@elearning.pl	s10139	s10139lk	2009-07-31	7
10140	Katarzyna	Przybylska	kprzybylska@elearning.pl	s10140	s10140kp	2009-12-04	7
10141	Aniela	Gajewska	agajewska@elearning.pl	s10141	s10141ag	2009-01-24	7
10142	Natan	Wilk	nwilk@elearning.pl	s10142	s10142nw	2009-06-26	7
10144	Roman	Kubiak	rkubiak@elearning.pl	s10144	s10144rk	2009-04-07	7
10145	Bolesawa	Nowacka	bnowacka@elearning.pl	s10145	s10145bn	2009-05-13	7
10146	Nicola	Majchrzak	nmajchrzak@elearning.pl	s10146	s10146nm	2009-11-02	7
10147	Ginter	Pitek	gpiatek@elearning.pl	s10147	s10147gp	2009-12-19	7
10148	Pawe	Mazur	pmazur@elearning.pl	s10148	s10148pm	2009-10-10	7
10149	Szymon	Borowski	sborowski@elearning.pl	s10149	s10149sb	2009-02-17	7
10151	Brygida	Leszczyska	bleszczynska@elearning.pl	s10151	s10151bl	2009-01-12	7
10152	Gracjan	Kowalewski	gkowalewski@elearning.pl	s10152	s10152gk	2009-12-31	7
10153	Cecylia	Wrona	cwrona@elearning.pl	s10153	s10153cw	2009-05-12	7
10154	Brajan	Ostrowski	bostrowski@elearning.pl	s10154	s10154bo	2009-10-16	7
10155	Brygida	Rogowska	brogowska@elearning.pl	s10155	s10155br	2009-11-15	7
10156	Dariusz	Kozowski	dkozlowski@elearning.pl	s10156	s10156dk	2009-06-03	7
10157	Tymoteusz	Lipiski	tlipinski@elearning.pl	s10157	s10157dk	2008-06-09	8
10158	Roksana	Konieczna	rkonieczna@elearning.pl	s10158	s10158dk	2008-12-14	8
10159	Bronisawa	ukasik	blukasik@elearning.pl	s10159	s10159dk	2008-03-15	8
10160	Dorota	Witkowska	dwitkowska@elearning.pl	s10160	s10160dk	2008-01-10	8
10161	Weronika	Nowak	wnowak@elearning.pl	s10161	s10161dk	2008-07-31	8
10162	Marlena	Polak	mpolak@elearning.pl	s10162	s10162dk	2008-09-20	8
10163	Cyprian	Borkowski	cborkowski@elearning.pl	s10163	s10163dk	2008-03-28	8
10164	Mateusz	Matusiak	mmatusiak@elearning.pl	s10164	s10164dk	2008-03-26	8
10165	ukasz	Przybylski	lprzybylski@elearning.pl	s10165	s10165dk	2008-04-01	8
10166	Tobiasz	Orowski	torlowski@elearning.pl	s10166	s10166dk	2008-07-16	8
10167	Andelika	Sikorska	asikorska@elearning.pl	s10167	s10167dk	2008-02-14	8
10168	Brunon	Szulc	bszulc@elearning.pl	s10168	s10168dk	2008-01-18	8
10169	Justyna	Kowalczyk	jkowalczyk@elearning.pl	s10169	s10169dk	2008-02-23	8
10170	ukasz	Sroka	lsroka@elearning.pl	s10170	s10170dk	2008-02-03	8
10171	Lech	Mazurek	lmazurek@elearning.pl	s10171	s10171dk	2008-03-18	8
10172	Kuba	Janicki	kjanicki@elearning.pl	s10172	s10172dk	2008-10-20	8
10173	Sonia	Krupa	skrupa@elearning.pl	s10173	s10173dk	2008-11-21	8
10174	Dagmara	Wolska	dwolska@elearning.pl	s10174	s10174dk	2008-12-17	8
10176	Nataliia	Zikowska	nziolkowska@elearning.pl	s10176	s10176dk	2008-05-03	8
10177	Olaf	Wesoowski	owesolowski@elearning.pl	s10177	s10177dk	2008-10-11	8
10178	Lena	Brzozowska	lbrzozowska@elearning.pl	s10178	s10178dk	2008-12-13	8
10179	Rudolf	Laskowski	rlaskowski@elearning.pl	s10179	s10179rl	2008-12-13	9
10180	Fryderyk	Owczarek	fowczarek@elearning.pl	s10180	s10180fo	2008-03-16	9
10181	Piotr	Majewski	pmajewski@elearning.pl	s10181	s10181pm	2008-05-19	9
10182	Boena	Szymaska	bszymanska@elearning.pl	s10182	s10182bs	2008-01-20	9
10183	Iwona	Gowacka	iglowacka@elearning.pl	s10183	s10183ig	2008-12-21	9
10184	Renata	Kurek	rkurek@elearning.pl	s10184	s10184rk	2008-10-30	9
10185	Augustyn	Ziba	azieba@elearning.pl	s10185	s10185az	2008-09-10	9
10186	Nela	Konieczna	nkonieczna@elearning.pl	s10186	s10186nk	2008-04-26	9
10187	Bernadeta	Sobolewska	bsobolewska@elearning.pl	s10187	s10187bs	2008-04-29	9
10188	Ewelina	Pietrzak	epietrzak@elearning.pl	s10188	s10188ep	2008-06-05	9
10189	Gabriela	Musia	gmusial@elearning.pl	s10189	s10189gm	2008-02-01	9
10190	Oliwier	Baszczyk	oblaszczyk@elearning.pl	s10190	s10190ob	2008-05-29	9
10191	Czesawa	Orowska	corlowska@elearning.pl	s10191	s10191co	2008-07-31	9
10192	Kalina	Andrzejewska	kandrzejewska@elearning.pl	s10192	s10192ka	2008-11-08	9
10194	Sylwester	Tomczyk	stomczyk@elearning.pl	s10194	s10194st	2008-07-14	9
10195	Sara	Borowska	sborowska@elearning.pl	s10195	s10195sb	2008-04-18	9
10196	Oskar	Bednarczyk	obednarczyk@elearning.pl	s10196	s10196ob	2008-01-04	9
10197	Klemens	Ostrowski	kostrowski@elearning.pl	s10197	s10197ko	2008-08-22	9
10198	Celina	Wasilewska	cwasilewska@elearning.pl	s10198	s10198cw	2008-09-28	9
10199	Wacaw	Majchrzak	wmajchrzak@elearning.pl	s10199	s10199wm	2008-11-04	9
10223	Nataliia	Jastrzbska	njastrzebska@elearning.pl	s10223	s10223nj	2008-03-11	10
10224	Izabela	Kowal	ikowal@elearning.pl	s10224	s10224ik	2007-05-16	11
10225	Andrzej	Witkowski	awitkowski@elearning.pl	s10225	s10225aw	2007-07-13	11
10226	Anastazja	Wrona	awrona@elearning.pl	s10226	s10226aw	2007-09-17	11
10227	Seweryn	Bednarczyk	sbednarczyk@elearning.pl	s10227	s10227sb	2007-01-21	11
10228	Rozalia	Skowroska	rskowronska@elearning.pl	s10228	s10228rs	2007-06-25	11
10229	Kamil	Wrbel	kwrobel@elearning.pl	s10229	s10229kw	2007-10-01	11
10230	Laura	Wieczorek	lwieczorek@elearning.pl	s10230	s10230lw	2007-07-31	11
10231	Andelika	Wysocka	awysocka@elearning.pl	s10231	s10231aw	2007-05-13	11
10232	Konrad	Grabowski	kgrabowski@elearning.pl	s10232	s10232kg	2007-03-16	11
10233	Judyta	Kowalska	jkowalska@elearning.pl	s10233	s10233jk	2007-08-26	11
10234	Tetiana	Jastrzbska	tjastrzebska@elearning.pl	s10234	s10234tj	2007-06-03	11
10235	Ignacy	Przybylski	iprzybylski@elearning.pl	s10235	s10235ip	2007-02-21	11
10236	Teofila	Piotrowska	tpiotrowska@elearning.pl	s10236	s10236tp	2007-04-28	11
10237	Artur	Woniak	awozniak@elearning.pl	s10237	s10237aw	2007-08-11	11
10238	Remigiusz	Borkowski	rborkowski@elearning.pl	s10238	s10238rb	2007-09-03	11
10239	Klara	Lis	klis@elearning.pl	s10239	s10239kl	2007-01-14	11
10240	Sabina	Ostrowska	sostrowska@elearning.pl	s10240	s10240so	2007-07-31	11
10241	Krzysztof	Maecki	kmalecki@elearning.pl	s10241	s10241km	2007-03-15	11
10243	Halina	Zalewska	hzalewska@elearning.pl	s10243	s10243hz	2007-06-24	11
10244	Ireneusz	Sikorski	isikorski@elearning.pl	s10244	s10244is	2007-11-03	11
10245	Jdrzej	Sadowski	jsadowski@elearning.pl	s10245	s10245js	2007-12-23	11
10246	Hanna	Szulc	hszulc@elearning.pl	s10246	s10246hs	2007-11-10	11
10247	Ewa	Wierzbicka	ewierzbicka@elearning.pl	s10247	s10247ew	2006-05-14	12
10248	Bartosz	Wierzbicki	bwierzbicki@elearning.pl	s10248	s10248bw	2006-07-17	12
10249	Ignacy	Nowakowski	inowakowski@elearning.pl	s10249	s10249in	2006-11-21	12
10250	Oliwier	Gowacki	oglowacki@elearning.pl	s10250	s10250og	2006-12-02	12
10251	Tatiana	Grabowska	tgrabowska@elearning.pl	s10251	s10251tg	2006-03-04	12
10252	Dorota	Piotrowska	dpiotrowska@elearning.pl	s10252	s10252dp	2006-12-19	12
10253	Czesaw	Koodziejczyk	ckolodziejczyk@elearning.pl	s10253	s10253ck	2006-08-02	12
10254	Alan	Olszewski	aolszewski@elearning.pl	s10254	s10254ao	2006-04-07	12
10255	Sara	Piasecka	spiasecka@elearning.pl	s10255	s10255sp	2006-10-29	12
10256	Aldona	Bednarczyk	abednarczyk@elearning.pl	s10256	s1025ab	2006-02-10	12
10257	Sylwester	Kaczmarczyk	skaczmarczyk@elearning.pl	s10257	s10257sk	2006-01-31	12
10258	Marta	Kurek	mkurek@elearning.pl	s10258	s10258mk	2006-10-20	12
10259	Wanda	Kozak	wkozak@elearning.pl	s10259	s10259wk	2006-07-06	12
10260	Romuald	Baszczyk	rblaszczyk@elearning.pl	s10260	s10260rb	2006-04-13	12
10261	Anna	Czajkowska	aczajkowska@elearning.pl	s10261	s10261ac	2006-09-04	12
10262	Angelika	Stasiak	astasiak@elearning.pl	s10262	s10262as	2006-04-12	12
10263	Judyta	Madej	jmadej@elearning.pl	s10263	s10263jm	2006-11-30	12
10264	Kalina	Kasprzak	kkasprzak@elearning.pl	s10264	s10264kk	2006-12-03	12
10265	Kornel	Krajewski	kkrajewski@elearning.pl	s10265	s10265kk	2006-07-15	12
10266	Dawid	Olszewski	dolszewski@elearning.pl	s10266	s10266do	2006-03-16	12
10200	Paulina	Orzechowska	porzechowska@elearning.pl	s10200	s10200po	2008-04-19	10
10201	Tobiasz	Owczarek	towczarek@elearning.pl	s10201	s10201to	2008-09-01	10
10202	Kuba	Piotrowski	kpiotrowski@elearning.pl	s10202	s10202kp	2008-07-18	10
10203	Wiktoria	Zakrzewska	wzakrzewska@elearning.pl	s10203	s10203wz	2008-11-02	10
10204	Sylwester	Pajk	spajak@elearning.pl	s10204	s10204sp	2008-03-09	10
10205	Franciszek	Kaczmarek	fkaczmarek@elearning.pl	s10205	s10205fk	2008-04-30	10
10206	Hubert	Madej	hmadej@elearning.pl	s10206	s10206hm	2008-04-12	10
10207	Feliks	Chmielewski	fchmielewski@elearning.pl	s10207	s10207fc	2008-12-03	10
10208	Hubert	Bk	hbak@elearning.pl	s10208	s10208hb	2008-05-11	10
10209	Elbieta	Kwiatkowska	ekwiatkowska@elearning.pl	s10209	s10209ek	2008-08-25	10
10210	Wioleta	Skowroska	wskowronska@elearning.pl	s10210	s10210ws	2008-07-28	10
10211	Natan	Dudek	ndudek@elearning.pl	s10211	s10211nd	2008-10-19	10
10212	Agata	Owczarek	aowczarek@elearning.pl	s10212	s10212ao	2008-01-14	10
10214	Feliks	Piotrowski	fpiotrowski@elearning.pl	s10214	s10214fp	2008-03-01	10
10215	Krystian	Kozie	kkoziel@elearning.pl	s10215	s10215kk	2008-05-29	10
10216	Cyprian	Milewski	cmilewski@elearning.pl	s10216	s10216cm	2008-08-08	10
10217	Kornelia	Brzozowska	kbrzozowska@elearning.pl	s10217	s10217kb	2008-03-04	10
10218	Marika	Romanowska	mromanowska@elearning.pl	s10218	s10218mr	2008-02-17	10
10219	Mikoaj	Jankowski	mjankowski@elearning.pl	s10219	s10219mj	2008-04-16	10
10220	Przemysaw	Jaboski	pjablonski@elearning.pl	s10220	s10220pj	2008-07-24	10
10221	Mariusz	Szulc	mszulc@elearning.pl	s10221	s10221ms	2008-09-30	10
10222	Wioleta	Makowska	wmakowska@elearning.pl	s10222	s10222wm	2008-11-06	10
10150	Bogusawa	Koodziej	bkolodziej1@elearning.pl	s10150	s10150bk	2009-04-15	7
10267	Hubert	Szulc	hszulc1@elearning.pl	s10267	s10267hs	2006-05-07	12
10143	Emil	Ciesielski	emajchrzak@elearning.pl	s10143	s10143ec	2009-11-04	7
10175	Iwona	Wierzbicka	iwierzbicka1@elearning.pl	s10175	s10175dk	2008-11-19	8
10193	Jowita	Koodziejczyk	jkolodziejczyk1@elearning.pl	s10193	s10193jk	2008-08-01	9
10049	Kajetan	Piotrowski	kpiotrowski1@elearning.pl	s10049	s10049kp	2012-02-11	3
10134	Lesaw	Markiewicz	lmarkiewicz1@elearning.pl	s10134	s10134lm	2009-05-15	7
10242	Marlena	Majewska	mmajewska1@elearning.pl	s10242	s10242mm	2007-02-16	11
10213	Nicole	Majchrzak	nmajchrzak1@elearning.pl	s10213	s10213nm	2008-11-07	10
10109	Norbert	Mazurkiewicz	nmazurkiewicz1@elearning.pl	s10109	s10109nm	2011-06-04	5
\.


--
-- Data for Name: Subject; Type: TABLE DATA; Schema: public; Owner: postgres
--

COPY public."Subject" (subject_id, class_id, teacher_id, name) FROM stdin;
1	1	1000	Matematyka
2	1	1006	Jzyk Polski
3	1	1012	Wychowanie Fizyczne
4	1	1018	Przyroda
5	1	1020	Informatyka
6	1	1043	Historia
7	1	1025	Muzyka
8	1	1030	Jzyk Angielski
9	1	1035	Technika
10	2	1000	Matematyka
11	2	1006	Jzyk Polski
12	2	1012	Wychowanie Fizyczne
13	2	1018	Przyroda
14	2	1020	Informatyka
15	2	1043	Historia
16	2	1026	Muzyka
17	2	1031	Jzyk Angielski
18	2	1036	Plastyka
19	3	1001	Matematyka
20	3	1007	Jzyk Polski
21	3	1013	Wychowanie Fizyczne
22	3	1019	Przyroda
23	3	1021	Informatyka
24	3	1043	Historia
25	3	1027	Muzyka
26	3	1031	Jzyk Angielski
27	3	1036	Plastyka
28	4	1001	Matematyka
29	4	1007	Jzyk Polski
30	4	1013	Wychowanie Fizyczne
31	4	1019	Przyroda
32	4	1021	Informatyka
33	4	1043	Historia
34	4	1028	Muzyka
35	4	1032	Jzyk Angielski
36	4	1036	Plastyka
37	5	1002	Matematyka
38	5	1008	Jzyk Polski
39	5	1014	Wychowanie Fizyczne
40	5	1019	Przyroda
41	5	1022	Informatyka
42	5	1043	Historia
43	5	1029	Muzyka
44	5	1032	Jzyk Angielski
45	5	1036	Plastyka
46	6	1002	Matematyka
47	6	1008	Jzyk Polski
48	6	1014	Wychowanie Fizyczne
49	6	1019	Chemia
50	6	1022	Informatyka
51	6	1043	Historia
52	6	1018	Biologia
53	6	1033	Jzyk Angielski
54	6	1038	Fizyka
55	7	1003	Matematyka
56	7	1009	Jzyk Polski
57	7	1015	Wychowanie Fizyczne
58	7	1019	Chemia
59	7	1044	Informatyka
60	7	1024	Historia
61	7	1018	Biologia
62	7	1033	Jzyk Angielski
63	7	1038	Fizyka
64	8	1003	Matematyka
65	8	1009	Jzyk Polski
66	8	1016	Wychowanie Fizyczne
67	8	1037	Chemia
68	8	1044	Informatyka
69	8	1024	Historia
70	8	1042	Biologia
71	8	1034	Jzyk Angielski
72	8	1039	Fizyka
73	9	1004	Matematyka
74	9	1010	Jzyk Polski
75	9	1016	Wychowanie Fizyczne
76	9	1037	Chemia
77	9	1004	Informatyka
78	9	1024	Historia
79	9	1042	Biologia
80	9	1034	Jzyk Angielski
81	9	1039	Fizyka
82	10	1004	Matematyka
83	10	1010	Jzyk Polski
84	10	1016	Wychowanie Fizyczne
85	10	1037	Chemia
86	10	1004	Informatyka
87	10	1024	Historia
88	10	1041	Biologia
89	10	1034	Jzyk Angielski
90	10	1039	Fizyka
91	11	1005	Matematyka
92	11	1011	Jzyk Polski
93	11	1017	Wychowanie Fizyczne
94	11	1037	Chemia
95	11	1023	Informatyka
96	11	1024	Historia
97	11	1041	Biologia
98	11	1034	Jzyk Angielski
99	11	1040	Fizyka
100	12	1005	Matematyka
101	12	1011	Jzyk Polski
102	12	1017	Wychowanie Fizyczne
103	12	1037	Chemia
104	12	1023	Informatyka
105	12	1024	Historia
106	12	1041	Biologia
107	12	1030	Jzyk Angielski
108	12	1040	Fizyka
\.


--
-- Data for Name: Teacher; Type: TABLE DATA; Schema: public; Owner: postgres
--

COPY public."Teacher" (teacher_id, first_name, surname, mail, login, password, birth_date) FROM stdin;
1000	Jadwiga	Majchrzak	jmajchrzak@elearning.pl	t1000	t1000jm	1986-01-01
1001	Elbieta	Mrz	emroz@elearning.pl	t1001	t1001em	1975-01-01
1002	Wioletta	Milewska	wmilewska@elearning.pl	t1002	t1002wm	1991-02-23
1003	Ksawery	Krajewski	kkrajewski@elearning.pl	t1003	t1003kk	1986-09-11
1004	Ginter	Marciniak	gmarciniak@elearning.pl	t1004	t1004gm	1967-05-19
1005	Hieronim	Stpie	hstepien@elearning.pl	t1005	t1005hs	1989-04-12
1006	Laura	Sosnowska	lsosnowska@elearning.pl	t1006	t1006ls	1976-11-27
1007	Denis	Dudek	ddudek@elearning.pl	t1007	t1007dd	1966-01-19
1008	Leokadia	Gajda	lgajda@elearning.pl	t1008	t1008lg	1990-12-06
1009	Stanisaw	Witkowski	switkowski@elearning.pl	t1009	t1009sw	1978-03-13
1010	Adolf	Gajda	agajda@elearning.pl	t1010	t1010ag	1988-08-03
1011	Julia	Klimek	jklimek@elearning.pl	t1011	t1011jk	1986-05-01
1012	Beata	Brzeziska	bbrzezinska@elearning.pl	t1012	t1012bb	1983-07-01
1013	Wodzimierz	Michalak	wmichalak@elearning.pl	t1013	t1013wm	1982-11-09
1014	Walentyna	Kowalewska	wkowalewska@elearning.pl	t1014	t1014wk	1976-04-12
1015	Judyta	Wilk	jwilk@elearning.pl	t1015	t1015jw	1978-12-21
1016	Emilia	Jakubowska	ejakubowska@elearning.pl	t1016	t1016ej	1979-02-18
1017	Wawrzyniec	Romanowski	wromanowski@elearning.pl	t1017	t1017wr	1981-01-15
1018	Remigiusz	Grecki	rgorecki@elearning.pl	t1018	t1018rg	1970-11-03
1019	Dawid	Orzechowski	dorzechowski@elearning.pl	t1019	t1019do	1984-10-19
1020	Feliks	Maecki	fmalecki@elearning.pl	t1020	t1020fm	1996-03-21
1021	Ewa	Pitek	epiatek@elearning.pl	t1021	t1021ep	1992-07-05
1022	Aurelia	Ciesielska	aciesielska@elearning.pl	t1022	t1022ac	1981-11-11
1023	Samuel	Kozak	skozak@elearning.pl	t1023	t1023sk	1984-08-09
1024	aneta	Gowacka	zglowacka@elearning.pl	t1024	t1024zg	1980-06-18
1026	Renata	Andrzejewska	randrzejewska@elearning.pl	t1026	t1026ra	1979-12-24
1027	Eryk	Szczepaniak	eszczepaniak@elearning.pl	t1027	t1027es	1991-10-22
1029	Ra	Czarnecka	rczarnecka@elearning.pl	t1029	t1029rc	1977-02-26
1030	Tobiasz	Mazurkiewicz	tmazurkiewicz@elearning.pl	t1030	t1030tm	1987-11-21
1031	Olga	Marcinkowska	omarcinkowska@elearning.pl	t1031	t1031om	1966-10-02
1032	Nina	Jestrzbska	njastrzbska@elearning.pl	t1032	t1032nj	1990-06-09
1033	Seweryn	Zieliski	szielinski@elearning.pl	t1033	t1033sz	1978-02-18
1034	Zuzanna	Przybylska	zprzybylska@elearning.pl	t1034	t1034zp	1992-07-15
1035	Longina	Wrblewska	lwroblewska@elearning.pl	t1035	t1035lw	1984-10-20
1036	Ariel	Polak	apolak@elearning.pl	t1036	t1036ap	1981-04-28
1037	Angelika	Markowska	amarkowska@elearning.pl	t1037	t1037am	1969-12-26
1038	Hildegarda	Romanowska	hromanowska@elearning.pl	t1038	t1038hr	1989-03-08
1039	Marzena	Mucha	mmucha@elearning.pl	t1039	t1039mm	1989-09-13
1040	Zygfryd	Dobrowolski	zdobrowolski@elearning.pl	t1040	t1040zd	1987-11-01
1041	Alfred	Dziedzic	adziedzic@elearning.pl	t1041	t1041ad	1978-04-01
1042	Sylwia	Socha	ssocha@elearning.pl	t1042	t1042ss	1993-10-01
1043	Olivier	Sosnowski	ososnowski@elearnign.pl	t1043	t1043os	1986-05-01
1044	Izabela	Baranowska	ibaranowska@elearning.pl	t1044	t1044ib	1989-09-01
1028	Michalina	Zawadzka	mzawadzka@elearning.pl	t1028	t1028in	1979-11-21
1025	Julian	Piasecki	jpiasecki@elearning.pl	t1025	t1025in	1988-01-30
\.


--
-- Data for Name: alembic_version; Type: TABLE DATA; Schema: public; Owner: postgres
--

COPY public.alembic_version (version_num) FROM stdin;
\.


--
-- Name: Class Class_name_key; Type: CONSTRAINT; Schema: public; Owner: postgres
--

ALTER TABLE ONLY public."Class"
    ADD CONSTRAINT "Class_name_key" UNIQUE (name);


--
-- Name: Class Class_pkey; Type: CONSTRAINT; Schema: public; Owner: postgres
--

ALTER TABLE ONLY public."Class"
    ADD CONSTRAINT "Class_pkey" PRIMARY KEY (class_id);


--
-- Name: Grade Grade_pkey; Type: CONSTRAINT; Schema: public; Owner: postgres
--

ALTER TABLE ONLY public."Grade"
    ADD CONSTRAINT "Grade_pkey" PRIMARY KEY (grade_id);


--
-- Name: Parent Parent_pkey; Type: CONSTRAINT; Schema: public; Owner: postgres
--

ALTER TABLE ONLY public."Parent"
    ADD CONSTRAINT "Parent_pkey" PRIMARY KEY (parent_id);


--
-- Name: Student Student_mail_key; Type: CONSTRAINT; Schema: public; Owner: postgres
--

ALTER TABLE ONLY public."Student"
    ADD CONSTRAINT "Student_mail_key" UNIQUE (mail);


--
-- Name: Student Student_pkey; Type: CONSTRAINT; Schema: public; Owner: postgres
--

ALTER TABLE ONLY public."Student"
    ADD CONSTRAINT "Student_pkey" PRIMARY KEY (student_id);


--
-- Name: Subject Subject_pkey; Type: CONSTRAINT; Schema: public; Owner: postgres
--

ALTER TABLE ONLY public."Subject"
    ADD CONSTRAINT "Subject_pkey" PRIMARY KEY (subject_id);


--
-- Name: Teacher Teacher_mail_key; Type: CONSTRAINT; Schema: public; Owner: postgres
--

ALTER TABLE ONLY public."Teacher"
    ADD CONSTRAINT "Teacher_mail_key" UNIQUE (mail);


--
-- Name: Teacher Teacher_pkey; Type: CONSTRAINT; Schema: public; Owner: postgres
--

ALTER TABLE ONLY public."Teacher"
    ADD CONSTRAINT "Teacher_pkey" PRIMARY KEY (teacher_id);


--
-- Name: alembic_version alembic_version_pkc; Type: CONSTRAINT; Schema: public; Owner: postgres
--

ALTER TABLE ONLY public.alembic_version
    ADD CONSTRAINT alembic_version_pkc PRIMARY KEY (version_num);


--
-- Name: Grade Grade_student_id_fkey; Type: FK CONSTRAINT; Schema: public; Owner: postgres
--

ALTER TABLE ONLY public."Grade"
    ADD CONSTRAINT "Grade_student_id_fkey" FOREIGN KEY (student_id) REFERENCES public."Student"(student_id) NOT VALID;


--
-- Name: Grade Grade_subject_id_fkey; Type: FK CONSTRAINT; Schema: public; Owner: postgres
--

ALTER TABLE ONLY public."Grade"
    ADD CONSTRAINT "Grade_subject_id_fkey" FOREIGN KEY (subject_id) REFERENCES public."Subject"(subject_id) NOT VALID;


--
-- Name: Parent Parent_student_id_fkey; Type: FK CONSTRAINT; Schema: public; Owner: postgres
--

ALTER TABLE ONLY public."Parent"
    ADD CONSTRAINT "Parent_student_id_fkey" FOREIGN KEY (student_id) REFERENCES public."Student"(student_id) NOT VALID;


--
-- Name: Subject Subject_class_id_fkey; Type: FK CONSTRAINT; Schema: public; Owner: postgres
--

ALTER TABLE ONLY public."Subject"
    ADD CONSTRAINT "Subject_class_id_fkey" FOREIGN KEY (class_id) REFERENCES public."Class"(class_id) NOT VALID;


--
-- Name: Subject Subject_teacher_id_fkey; Type: FK CONSTRAINT; Schema: public; Owner: postgres
--

ALTER TABLE ONLY public."Subject"
    ADD CONSTRAINT "Subject_teacher_id_fkey" FOREIGN KEY (teacher_id) REFERENCES public."Teacher"(teacher_id) NOT VALID;


--
-- Name: Student class_id; Type: FK CONSTRAINT; Schema: public; Owner: postgres
--

ALTER TABLE ONLY public."Student"
    ADD CONSTRAINT class_id FOREIGN KEY (class_id) REFERENCES public."Class"(class_id) NOT VALID;


--
-- PostgreSQL database dump complete
--

